{"type": "FeatureCollection", "generator": "overpass-turbo", "copyright": "The data included in this document is from www.openstreetmap.org. The data is made available under ODbL.", "timestamp": "2026-05-11T00:00:00Z", "features": [{"type": "Feature", "properties": {"@id": "way/170404217", "building": "yes"}, "geometry": {"type": "Polygon", "coordinates": [[[126.961693, 37.5332839], [126.9619376, 37.5332643], [126.9626235, 37.5333532], [126.9626614, 37.5334005], [126.9626396, 37.5334549], [126.9619519, 37.533355], [126.9617144, 37.5333757], [126.961693, 37.5332839]]]}}, {"type": "Feature", "properties": {"@id": "way/170404218", "building": "commercial", "building:levels": "6", "name": "\uc804\uc790\ub79c\ub4dc", "name:en": "Electro Land(ETLAND)", "name:ja": "\u96fb\u5b50\u30e9\u30f3\u30c9", "name:ko": "\uc804\uc790\ub79c\ub4dc"}, "geometry": {"type": "Polygon", "coordinates": [[[126.9581258, 37.5325561], [126.9581231, 37.5325289], [126.9582444, 37.5322105], [126.9589504, 37.5323796], [126.9589167, 37.5324679], [126.9590957, 37.5325108], [126.9595496, 37.5326219], [126.9598429, 37.5326952], [126.9598517, 37.5326956], [126.9599046, 37.5327115], [126.9599977, 37.5327233], [126.9600394, 37.532708], [126.9600784, 37.532709], [126.9601157, 37.5327266], [126.9602159, 37.5327266], [126.9602249, 37.5327256], [126.9602803, 37.5327193], [126.9609862, 37.532657], [126.9610169, 37.5326333], [126.9610477, 37.5326186], [126.961084, 37.5326088], [126.9611283, 37.5326057], [126.9611589, 37.5326088], [126.9612076, 37.5326238], [126.9612398, 37.5326428], [126.9612657, 37.5326672], [126.961283, 37.5326938], [126.9612913, 37.532717], [126.9612943, 37.5327413], [126.9612919, 37.5327657], [126.9612824, 37.5327929], [126.9612661, 37.5328179], [126.9612436, 37.5328399], [126.9612159, 37.5328577], [126.961178, 37.5328724], [126.9611369, 37.5328795], [126.9610999, 37.532879], [126.9610639, 37.5328723], [126.9610742, 37.5329712], [126.9610689, 37.5329857], [126.9610454, 37.5329924], [126.9602559, 37.5330577], [126.9602211, 37.5330603], [126.9601697, 37.5330244], [126.9601105, 37.5329983], [126.960107, 37.5330518], [126.9599454, 37.5330452], [126.9599489, 37.5329911], [126.9598819, 37.5330037], [126.9598135, 37.5330321], [126.9597884, 37.5330268], [126.9590202, 37.5328483], [126.9589938, 37.5328297], [126.9589872, 37.5328049], [126.9589902, 37.5327801], [126.9581519, 37.5325716], [126.9581258, 37.5325561]]]}}, {"type": "Feature", "properties": {"@id": "way/170405824", "building": "yes", "leisure": "fitness_centre", "name": "\uc6d0\ud6a8\ub85c \ub2e4\ubaa9\uc801 \uc2e4\ub0b4 \uccb4\uc721\uad00", "sport": "basketball;badminton"}, "geometry": {"type": "Polygon", "coordinates": [[[126.956899, 37.5327219], [126.9568295, 37.5329084], [126.956971, 37.5329419], [126.9569489, 37.533003], [126.9573669, 37.5330978], [126.957389, 37.5330366], [126.957405, 37.5330407], [126.9574736, 37.5328565], [126.956899, 37.5327219]]]}}, {"type": "Feature", "properties": {"@id": "way/170405826", "building": "yes"}, "geometry": {"type": "Polygon", "coordinates": [[[126.9617253, 37.5334264], [126.9619586, 37.5334158], [126.9626453, 37.5335158], [126.9625862, 37.5336349], [126.961905, 37.5335583], [126.9617279, 37.5335605], [126.9617253, 37.5334264]]]}}, {"type": "Feature", "properties": {"@id": "way/170405827", "building": "yes"}, "geometry": {"type": "Polygon", "coordinates": [[[126.9612475, 37.5334914], [126.9614832, 37.5334717], [126.9615804, 37.5335519], [126.9615972, 37.5336762], [126.9613112, 37.5337005], [126.961306, 37.5336623], [126.9611328, 37.533677], [126.9611417, 37.5337435], [126.9602393, 37.5338199], [126.9602232, 37.5337816], [126.9600977, 37.533792], [126.960103, 37.5338318], [126.9597938, 37.5338573], [126.9597608, 37.5336069], [126.9600855, 37.53358], [126.9600941, 37.5336448], [126.9601793, 37.5336378], [126.9601708, 37.5335738], [126.9611436, 37.5334926], [126.9611534, 37.5335668], [126.9612564, 37.5335582], [126.9612475, 37.5334914]]]}}, {"type": "Feature", "properties": {"@id": "way/170405829", "building": "yes", "building:levels": "5", "name": "\uc6d0\ud6a8\uc804\uc790\uc0c1\uac00", "name:ja": "\u5143\u6681\u96fb\u5b50\u5546\u8857"}, "geometry": {"type": "Polygon", "coordinates": [[[126.9615709, 37.5332718], [126.9615878, 37.5333665], [126.960352, 37.5335051], [126.9600571, 37.5335158], [126.959652, 37.5334668], [126.9596822, 37.5333701], [126.9600187, 37.5334185], [126.9603754, 37.5334079], [126.9615709, 37.5332718]]]}}, {"type": "Feature", "properties": {"@id": "way/170405831", "building": "commercial", "building:levels": "4", "name": "\ub098\uc9c4\uc0c1\uac00 15\ub3d9", "name:ja": "\u30ca\u30b8\u30f3\u5546\u8857 15\u68df"}, "geometry": {"type": "Polygon", "coordinates": [[[126.9633019, 37.5331406], [126.9639796, 37.5332337], [126.9640571, 37.5328826], [126.9638585, 37.5328509], [126.963318, 37.5330608], [126.9633019, 37.5331406]]]}}, {"type": "Feature", "properties": {"@id": "way/170405832", "building": "yes", "height": "35", "level": "8", "name": "\ub18d\ud611\uc911\uc559\ud68c \uc6a9\uc0b0\ubcc4\uad00", "shop": "supermarket", "start_date": "1988"}, "geometry": {"type": "Polygon", "coordinates": [[[126.9644057, 37.5332268], [126.9649993, 37.5333148], [126.9650602, 37.5330566], [126.9644665, 37.5329686], [126.9644057, 37.5332268]]]}}, {"type": "Feature", "properties": {"@id": "way/170405836", "building": "yes", "level": "3", "name": "\ub098\uc9c4\uc0c1\uac00 17\ub3d9", "name:ja": "\u30ca\u30b8\u30f3\u5546\u8857 17\u68df"}, "geometry": {"type": "Polygon", "coordinates": [[[126.9640832, 37.533542], [126.9651163, 37.5336815], [126.9663857, 37.5338758], [126.966638, 37.5339141], [126.9666929, 37.533962], [126.9666286, 37.534143], [126.9639874, 37.5337811], [126.9640304, 37.5335764], [126.9640832, 37.533542]]]}}, {"type": "Feature", "properties": {"@id": "way/181255703", "building": "commercial", "building:levels": "3", "name": "\uc120\uc778\uc0c1\uac00 22\ub3d9", "name:ja": "\u30bd\u30cb\u30f3\u5546\u8857 22\u68df"}, "geometry": {"type": "Polygon", "coordinates": [[[126.9655874, 37.5323702], [126.9665462, 37.5330534], [126.9666633, 37.53295], [126.9667407, 37.5328817], [126.9657819, 37.5321985], [126.9655874, 37.5323702]]]}}, {"type": "Feature", "properties": {"@id": "way/210309806", "addr:city": "\uc11c\uc6b8\ud2b9\ubcc4\uc2dc", "addr:district": "\uc6a9\uc0b0\uad6c", "addr:housenumber": "55", "addr:postcode": "04377", "addr:street": "\ud55c\uac15\ub300\ub85c23\uae38", "addr:subdistrict": "\ud55c\uac15\ub85c3\uac00", "building": "train_station", "building:levels": "3", "ele": "2", "height": "50", "layer": "2", "name": "\uc6a9\uc0b0\uc5ed", "wikidata": "Q20416", "wikipedia": "ko:\uc6a9\uc0b0\uc5ed"}, "geometry": {"type": "Polygon", "coordinates": [[[126.9656767, 37.529314], [126.9656453, 37.5293768], [126.9655901, 37.5294283], [126.9655168, 37.5294629], [126.9654667, 37.5294713], [126.9653662, 37.5295549], [126.9660442, 37.5300495], [126.965977, 37.5301088], [126.9662544, 37.5303076], [126.9664451, 37.5304442], [126.9665148, 37.5304886], [126.9665027, 37.5304988], [126.9655794, 37.5312705], [126.9650615, 37.5308914], [126.9644599, 37.5304383], [126.963035, 37.5294178], [126.9631157, 37.5293481], [126.9627381, 37.5290735], [126.9635991, 37.5283289], [126.9640826, 37.5286947], [126.9641851, 37.5287722], [126.9647841, 37.5291969], [126.9649246, 37.5291045], [126.9649911, 37.5291483], [126.9651582, 37.5292647], [126.9651675, 37.5292253], [126.9651831, 37.5291875], [126.9652051, 37.5291556], [126.9652338, 37.5291272], [126.9652701, 37.5291023], [126.9653116, 37.529083], [126.9653634, 37.5290689], [126.9654178, 37.5290636], [126.9655039, 37.5290741], [126.9655478, 37.5290893], [126.9655875, 37.5291107], [126.9656203, 37.5291362], [126.9656469, 37.5291659], [126.9656692, 37.5292048], [126.9656809, 37.5292465], [126.9656767, 37.529314]]]}}, {"type": "Feature", "properties": {"@id": "way/249377843", "building": "yes"}, "geometry": {"type": "Polygon", "coordinates": [[[126.9640316, 37.5275104], [126.9644397, 37.5272766], [126.9643565, 37.5271779], [126.9641205, 37.5273013], [126.96404, 37.527212], [126.9642439, 37.5270886], [126.9641661, 37.5269929], [126.9637948, 37.5272504], [126.9640316, 37.5275104]]]}}, {"type": "Feature", "properties": {"@id": "way/278444782", "building": "apartments", "building:flats": "140", "building:levels": "39", "height": "139", "name": "101", "start_date": "2007"}, "geometry": {"type": "Polygon", "coordinates": [[[126.9683402, 37.5248688], [126.9683767, 37.5246076], [126.9687413, 37.5246396], [126.9687048, 37.5249009], [126.9683402, 37.5248688]]]}}, {"type": "Feature", "properties": {"@id": "way/278444783", "building": "apartments", "building:flats": "140", "building:levels": "41", "height": "145", "name": "102", "start_date": "2007"}, "geometry": {"type": "Polygon", "coordinates": [[[126.9686563, 37.5251971], [126.9687138, 37.5249491], [126.9690611, 37.5249997], [126.9690036, 37.5252476], [126.9686563, 37.5251971]]]}}, {"type": "Feature", "properties": {"@id": "way/278444784", "building": "apartments", "building:flats": "141", "building:levels": "42", "height": "148", "name": "103", "start_date": "2007"}, "geometry": {"type": "Polygon", "coordinates": [[[126.9690467, 37.5255505], [126.9690954, 37.525322], [126.9694344, 37.5253673], [126.9693858, 37.5255959], [126.9690467, 37.5255505]]]}}, {"type": "Feature", "properties": {"@id": "way/363982487", "building": "apartments", "building:flats": "200", "building:levels": "39", "height": "135", "name": "103", "start_date": "2009"}, "geometry": {"type": "Polygon", "coordinates": [[[126.9712051, 37.5239567], [126.9715767, 37.5237489], [126.9716116, 37.5237882], [126.9716895, 37.523777], [126.9716682, 37.524125], [126.9716045, 37.5241363], [126.971555, 37.5242036], [126.9712223, 37.5240857], [126.9712435, 37.5240128], [126.9712051, 37.5239567]]]}}, {"type": "Feature", "properties": {"@id": "way/363982488", "building": "apartments", "building:flats": "200", "building:levels": "36", "height": "126", "name": "102", "start_date": "2009"}, "geometry": {"type": "Polygon", "coordinates": [[[126.9702101, 37.5242766], [126.9702242, 37.5240857], [126.970203, 37.5239061], [126.9702667, 37.5239117], [126.9703375, 37.52385], [126.9704932, 37.5239173], [126.9706702, 37.5239678], [126.9706277, 37.5240184], [126.9706785, 37.5240918], [126.9704861, 37.5241756], [126.9703233, 37.5243103], [126.9702667, 37.5242542], [126.9702101, 37.5242766]]]}}, {"type": "Feature", "properties": {"@id": "way/363982489", "building": "apartments", "building:flats": "197", "building:levels": "34", "height": "120", "name": "101", "start_date": "2009"}, "geometry": {"type": "Polygon", "coordinates": [[[126.9703952, 37.5250596], [126.9701581, 37.5247961], [126.9704907, 37.5246098], [126.9707246, 37.524875], [126.9703952, 37.5250596]]]}}, {"type": "Feature", "properties": {"@id": "way/363982510", "building": "apartments", "building:flats": "128", "building:levels": "36", "height": "120", "start_date": "2012"}, "geometry": {"type": "Polygon", "coordinates": [[[126.9685642, 37.5271715], [126.9686791, 37.5271035], [126.9685912, 37.5270101], [126.9687205, 37.5269336], [126.9688184, 37.5270376], [126.9689362, 37.5269678], [126.9690286, 37.527066], [126.9689012, 37.5271414], [126.9689878, 37.5272334], [126.9688639, 37.5273067], [126.9687825, 37.5272202], [126.9686717, 37.5272857], [126.9685642, 37.5271715]]]}}, {"type": "Feature", "properties": {"@id": "way/363982511", "building": "apartments", "building:flats": "207", "building:levels": "36", "height": "120", "start_date": "2012"}, "geometry": {"type": "Polygon", "coordinates": [[[126.9687854, 37.5277927], [126.968651, 37.5276515], [126.9687062, 37.5276184], [126.9686516, 37.5275611], [126.9687634, 37.5274941], [126.9688285, 37.5275625], [126.9689011, 37.5275191], [126.9690348, 37.5276596], [126.9689733, 37.5276964], [126.969014, 37.5277392], [126.9688957, 37.52781], [126.9688452, 37.527757], [126.9687854, 37.5277927]]]}}, {"type": "Feature", "properties": {"@id": "way/363982512", "addr:housenumber": "191", "building": "yes", "building:levels": "28", "height": "122", "name": "LS\uc6a9\uc0b0\ud0c0\uc6cc", "name:en": "LS Yongsan Tower", "name:ja": "LS\u9f8d\u5c71\u30bf\u30ef\u30fc", "start_date": "1985"}, "geometry": {"type": "Polygon", "coordinates": [[[126.9683058, 37.528217], [126.9683664, 37.5281901], [126.9683239, 37.5281407], [126.9682827, 37.5280932], [126.9682448, 37.5280492], [126.9682873, 37.527857], [126.9680647, 37.5278275], [126.9677968, 37.5277931], [126.9676607, 37.527776], [126.9675273, 37.5277589], [126.9674096, 37.5277433], [126.9673421, 37.5277843], [126.9673903, 37.5278388], [126.9674429, 37.5278986], [126.9674926, 37.5279531], [126.9674768, 37.5280488], [126.9674624, 37.528131], [126.9674452, 37.5282341], [126.9674803, 37.5282722], [126.967659, 37.5281556], [126.9677513, 37.5281646], [126.9678609, 37.5281754], [126.9679743, 37.5281861], [126.9680814, 37.5281958], [126.9681999, 37.5282067], [126.9683058, 37.528217]]]}}, {"type": "Feature", "properties": {"@id": "way/363982560", "addr:city": "\uc11c\uc6b8\ud2b9\ubcc4\uc2dc", "addr:district": "\uc6a9\uc0b0\uad6c", "addr:housenumber": "148", "addr:postcode": "04382", "addr:street": "\ud55c\uac15\ub300\ub85c", "addr:subdistrict": "\ud55c\uac15\ub85c2\uac00", "building": "yes", "building:levels": "20", "height": "92", "name": "\uc6f0\ucef4\uae08\uc735\ud0c0\uc6cc", "start_date": "2005"}, "geometry": {"type": "Polygon", "coordinates": [[[126.9709837, 37.5322199], [126.9713472, 37.5320039], [126.9715847, 37.5322553], [126.9712921, 37.5324292], [126.9712673, 37.5324029], [126.9712054, 37.5324397], [126.9711556, 37.5323871], [126.9711416, 37.532387], [126.9709837, 37.5322199]]]}}, {"type": "Feature", "properties": {"@id": "way/363982561", "addr:city": "\uc11c\uc6b8\ud2b9\ubcc4\uc2dc", "addr:district": "\uc6a9\uc0b0\uad6c", "addr:housenumber": "8", "addr:postcode": "04376", "addr:street": "\ud55c\uac15\ub300\ub85c43\uae38", "addr:subdistrict": "\ud55c\uac15\ub85c2\uac00", "building": "apartments", "building:flats": "364", "building:levels": "33", "height": "99.7", "name": "104", "start_date": "2005"}, "geometry": {"type": "Polygon", "coordinates": [[[126.9695707, 37.5326291], [126.9696058, 37.532383], [126.9696086, 37.5323636], [126.9697555, 37.5323767], [126.9697529, 37.5323951], [126.9698783, 37.5324063], [126.9698637, 37.5325088], [126.9699189, 37.5325137], [126.9698865, 37.5327408], [126.9696619, 37.5327206], [126.9696737, 37.5326383], [126.9695707, 37.5326291]]]}}, {"type": "Feature", "properties": {"@id": "way/363982562", "addr:city": "\uc11c\uc6b8\ud2b9\ubcc4\uc2dc", "addr:district": "\uc6a9\uc0b0\uad6c", "addr:housenumber": "8", "addr:postcode": "04376", "addr:street": "\ud55c\uac15\ub300\ub85c43\uae38", "addr:subdistrict": "\ud55c\uac15\ub85c2\uac00", "building": "apartments", "building:flats": "124", "building:levels": "33", "height": "99.7", "name": "102", "start_date": "2005"}, "geometry": {"type": "Polygon", "coordinates": [[[126.9698746, 37.5322667], [126.9701596, 37.5322953], [126.9701248, 37.5325134], [126.9702382, 37.5325248], [126.9702893, 37.532204], [126.969891, 37.5321641], [126.9698746, 37.5322667]]]}}, {"type": "Feature", "properties": {"@id": "way/363982563", "addr:city": "\uc11c\uc6b8\ud2b9\ubcc4\uc2dc", "addr:district": "\uc6a9\uc0b0\uad6c", "addr:housenumber": "8", "addr:postcode": "04376", "addr:street": "\ud55c\uac15\ub300\ub85c43\uae38", "addr:subdistrict": "\ud55c\uac15\ub85c2\uac00", "building": "apartments", "building:flats": "364", "building:levels": "33", "height": "99.7", "name": "103", "start_date": "2005"}, "geometry": {"type": "Polygon", "coordinates": [[[126.9693415, 37.5321613], [126.9693635, 37.5320543], [126.9692859, 37.5320443], [126.9692957, 37.5319964], [126.9691452, 37.531977], [126.969165, 37.5318802], [126.9695218, 37.5319262], [126.9694702, 37.5321779], [126.9693415, 37.5321613]]]}}, {"type": "Feature", "properties": {"@id": "way/363982564", "addr:city": "\uc11c\uc6b8\ud2b9\ubcc4\uc2dc", "addr:district": "\uc6a9\uc0b0\uad6c", "addr:housenumber": "8", "addr:postcode": "04376", "addr:street": "\ud55c\uac15\ub300\ub85c43\uae38", "addr:subdistrict": "\ud55c\uac15\ub85c2\uac00", "building": "apartments", "building:flats": "124", "building:levels": "33", "height": "99.7", "name": "101", "start_date": "2005"}, "geometry": {"type": "Polygon", "coordinates": [[[126.969668, 37.5320086], [126.9697048, 37.5318322], [126.9694414, 37.5317977], [126.9694655, 37.5316822], [126.969826, 37.5317294], [126.9697652, 37.5320213], [126.969668, 37.5320086]]]}}, {"type": "Feature", "properties": {"@id": "way/363982565", "addr:city": "\uc11c\uc6b8\ud2b9\ubcc4\uc2dc", "addr:district": "\uc6a9\uc0b0\uad6c", "addr:housenumber": "13", "addr:postcode": "04376", "addr:street": "\ud55c\uac15\ub300\ub85c43\uae38", "addr:subdistrict": "\ud55c\uac15\ub85c2\uac00", "building": "apartments", "building:flats": "207", "building:levels": "15", "height": "56.45", "start_date": "2004"}, "geometry": {"type": "Polygon", "coordinates": [[[126.9690111, 37.5317775], [126.9688296, 37.5315873], [126.968915, 37.531536], [126.9688722, 37.5314911], [126.9690482, 37.5313855], [126.9691043, 37.5314443], [126.9691874, 37.5313945], [126.9693556, 37.5315708], [126.9690111, 37.5317775]]]}}, {"type": "Feature", "properties": {"@id": "way/363982566", "amenity": "post_office", "building": "yes", "name": "\uc6a9\uc0b0 \uc6b0\uccb4\uad6d", "name:en": "Yongsan Post Office", "name:ja": "\u9f8d\u5c71\u90f5\u4fbf\u5c40", "wikidata": "Q16097664"}, "geometry": {"type": "Polygon", "coordinates": [[[126.9694824, 37.5302045], [126.9692552, 37.5299534], [126.969352, 37.5298999], [126.9693317, 37.5298769], [126.9695033, 37.5297821], [126.9697528, 37.5300623], [126.9694824, 37.5302045]]]}}, {"type": "Feature", "properties": {"@id": "way/363982567", "building": "yes", "tourism": "hotel"}, "geometry": {"type": "Polygon", "coordinates": [[[126.9697326, 37.5293075], [126.9697912, 37.5292337], [126.9698917, 37.5292733], [126.9698608, 37.5293128], [126.9697736, 37.5293227], [126.9697326, 37.5293075]]]}}, {"type": "Feature", "properties": {"@id": "way/363982568", "building": "yes", "building:levels": "21", "height": "110", "name": "\uc544\ubaa8\ub808\ud37c\uc2dc\ud53d \ubcf8\uc0ac", "name:en": "AMORE PACIFIC", "name:ja": "\u30a2\u30e2\u30fc\u30ec\u30d1\u30b7\u30d5\u30a3\u30c3\u30af\u672c\u793e", "office": "company", "start_date": "2017", "wikidata": "Q55732357"}, "geometry": {"type": "Polygon", "coordinates": [[[126.9685047, 37.5293891], [126.9683029, 37.529173], [126.968183, 37.529044], [126.9680764, 37.5289292], [126.9678736, 37.5287113], [126.9687403, 37.5282042], [126.9689432, 37.5284224], [126.9691703, 37.5286645], [126.969371, 37.5288793], [126.9690906, 37.5290441], [126.9687909, 37.5292211], [126.9685047, 37.5293891]]]}}, {"type": "Feature", "properties": {"@id": "way/415863746", "building": "church", "name": "\ucc9c\ubcf5\uad81\uad50\ud68c"}, "geometry": {"type": "Polygon", "coordinates": [[[126.9693728, 37.5247163], [126.9690768, 37.524383], [126.9692446, 37.5242892], [126.9692, 37.5242389], [126.9694734, 37.5240862], [126.96961, 37.52424], [126.9694322, 37.5243394], [126.9696362, 37.5245691], [126.9693728, 37.5247163]]]}}, {"type": "Feature", "properties": {"@id": "way/416763145", "building": "apartments", "building:flats": "94", "building:levels": "24", "height": "65", "name": "110", "start_date": "2000"}, "geometry": {"type": "Polygon", "coordinates": [[[126.9718054, 37.5221094], [126.971926, 37.5220721], [126.9721668, 37.5225606], [126.9720463, 37.522598], [126.9718054, 37.5221094]]]}}, {"type": "Feature", "properties": {"@id": "way/416763154", "building": "apartments", "building:flats": "93", "building:levels": "24", "height": "65", "name": "109", "start_date": "2000"}, "geometry": {"type": "Polygon", "coordinates": [[[126.9713582, 37.5226042], [126.9715548, 37.5225456], [126.9715679, 37.5225733], [126.9717607, 37.5225159], [126.9717986, 37.5225958], [126.9715995, 37.5226551], [126.9715852, 37.5226249], [126.9713949, 37.5226816], [126.9713582, 37.5226042]]]}}, {"type": "Feature", "properties": {"@id": "way/416763159", "building": "apartments", "building:flats": "82", "building:levels": "22", "height": "59", "name": "107", "start_date": "2000"}, "geometry": {"type": "Polygon", "coordinates": [[[126.9703792, 37.5221788], [126.9705635, 37.5221197], [126.9705448, 37.5220829], [126.9708001, 37.5220009], [126.9708383, 37.5220757], [126.9705985, 37.5221527], [126.9706202, 37.5221952], [126.9704204, 37.5222594], [126.9703792, 37.5221788]]]}}, {"type": "Feature", "properties": {"@id": "way/416763168", "building": "apartments", "building:flats": "84", "building:levels": "22", "height": "59", "name": "108", "start_date": "2000"}, "geometry": {"type": "Polygon", "coordinates": [[[126.9709329, 37.5226958], [126.9709034, 37.522627], [126.9709302, 37.5226198], [126.9709031, 37.5225564], [126.9709621, 37.5225405], [126.9708943, 37.522382], [126.9710076, 37.5223515], [126.9710733, 37.5225049], [126.9710061, 37.522523], [126.9710391, 37.5226004], [126.9710034, 37.52261], [126.971029, 37.52267], [126.9709329, 37.5226958]]]}}, {"type": "Feature", "properties": {"@id": "way/416763179", "building": "apartments", "building:flats": "124", "building:levels": "24", "height": "65", "name": "101", "start_date": "2000"}, "geometry": {"type": "Polygon", "coordinates": [[[126.9675365, 37.5217623], [126.9678511, 37.52174], [126.9678913, 37.522097], [126.9677539, 37.5221068], [126.9677269, 37.5218677], [126.9675498, 37.5218802], [126.9675365, 37.5217623]]]}}, {"type": "Feature", "properties": {"@id": "way/416763191", "building": "apartments", "building:flats": "104", "building:levels": "32", "height": "112", "name": "201", "start_date": "2007"}, "geometry": {"type": "Polygon", "coordinates": [[[126.9696695, 37.5262891], [126.9696903, 37.5260381], [126.9700155, 37.526055], [126.9699948, 37.526306], [126.9696695, 37.5262891]]]}}, {"type": "Feature", "properties": {"@id": "way/416763198", "building": "apartments", "building:flats": "104", "building:levels": "33", "height": "115", "name": "202", "start_date": "2007"}, "geometry": {"type": "Polygon", "coordinates": [[[126.9701217, 37.5260559], [126.9701425, 37.5258049], [126.9704677, 37.5258218], [126.9704469, 37.5260728], [126.9701217, 37.5260559]]]}}, {"type": "Feature", "properties": {"@id": "way/418241970", "building": "apartments", "building:flats": "48", "building:levels": "24", "height": "65", "name": "104", "start_date": "2000"}, "geometry": {"type": "Polygon", "coordinates": [[[126.9690659, 37.522373], [126.9690674, 37.5222534], [126.9693665, 37.5222557], [126.969365, 37.5223752], [126.9690659, 37.522373]]]}}, {"type": "Feature", "properties": {"@id": "way/418241971", "building": "apartments", "building:flats": "47", "building:levels": "24", "height": "65", "name": "103", "start_date": "2000"}, "geometry": {"type": "Polygon", "coordinates": [[[126.9686135, 37.5220116], [126.9687499, 37.5220091], [126.9687522, 37.5220883], [126.9688509, 37.5220865], [126.968854, 37.5221918], [126.9686958, 37.5221947], [126.9686933, 37.5221119], [126.9686165, 37.5221133], [126.9686135, 37.5220116]]]}}, {"type": "Feature", "properties": {"@id": "way/418241972", "building": "apartments", "building:flats": "82", "building:levels": "21", "height": "57", "name": "102", "start_date": "2000"}, "geometry": {"type": "Polygon", "coordinates": [[[126.9681009, 37.5221893], [126.968096, 37.5221101], [126.9682834, 37.5221027], [126.9682859, 37.5221424], [126.9684358, 37.5221365], [126.968441, 37.5222188], [126.9682683, 37.5222257], [126.9682656, 37.5221828], [126.9681009, 37.5221893]]]}}, {"type": "Feature", "properties": {"@id": "way/418241975", "amenity": "parking", "building": "yes"}, "geometry": {"type": "Polygon", "coordinates": [[[126.9673125, 37.5221017], [126.967256, 37.5217175], [126.9673902, 37.521705], [126.9674467, 37.5220893], [126.9673125, 37.5221017]]]}}, {"type": "Feature", "properties": {"@id": "way/418242008", "building": "apartments", "building:flats": "89", "building:levels": "23", "height": "62", "name": "105", "start_date": "2000"}, "geometry": {"type": "Polygon", "coordinates": [[[126.9695465, 37.5223058], [126.9695588, 37.5221633], [126.9695153, 37.5221609], [126.9695332, 37.5219545], [126.9696468, 37.5219606], [126.9696316, 37.5221363], [126.9696774, 37.5221388], [126.9696625, 37.5223121], [126.9695465, 37.5223058]]]}}, {"type": "Feature", "properties": {"@id": "way/418242009", "building": "apartments", "building:flats": "91", "building:levels": "24", "height": "65", "name": "106", "start_date": "2000"}, "geometry": {"type": "Polygon", "coordinates": [[[126.9698885, 37.5224013], [126.9701584, 37.5223296], [126.970275, 37.5226059], [126.9701651, 37.5226351], [126.9700866, 37.5224491], [126.9699266, 37.5224916], [126.9698885, 37.5224013]]]}}, {"type": "Feature", "properties": {"@id": "way/418264688", "building": "apartments", "building:flats": "160", "building:levels": "21", "height": "62", "name": "101", "start_date": "1997"}, "geometry": {"type": "Polygon", "coordinates": [[[126.956895, 37.5234982], [126.9570253, 37.523433], [126.9570067, 37.5234096], [126.9574021, 37.5232118], [126.9574191, 37.5232332], [126.9575758, 37.5231548], [126.9576367, 37.5232313], [126.9574694, 37.523315], [126.9574515, 37.5232924], [126.9570916, 37.5234724], [126.9571103, 37.523496], [126.956955, 37.5235736], [126.956895, 37.5234982]]]}}, {"type": "Feature", "properties": {"@id": "way/418264689", "building": "apartments", "building:flats": "120", "building:levels": "22", "height": "62", "name": "102", "start_date": "1997"}, "geometry": {"type": "Polygon", "coordinates": [[[126.9576328, 37.5231236], [126.9580896, 37.5230103], [126.9580967, 37.5230284], [126.9583251, 37.5229718], [126.9583612, 37.5230634], [126.9581242, 37.5231222], [126.9581173, 37.5231049], [126.9576692, 37.523216], [126.9576328, 37.5231236]]]}}, {"type": "Feature", "properties": {"@id": "way/418264690", "building": "apartments", "building:flats": "118", "building:levels": "20", "height": "62", "name": "103", "start_date": "1997"}, "geometry": {"type": "Polygon", "coordinates": [[[126.9585954, 37.5229038], [126.9592762, 37.5228197], [126.9592962, 37.5229216], [126.9586154, 37.5230058], [126.9585954, 37.5229038]]]}}, {"type": "Feature", "properties": {"@id": "way/418264691", "building": "apartments", "building:flats": "118", "building:levels": "20", "height": "62", "name": "104", "start_date": "1997"}, "geometry": {"type": "Polygon", "coordinates": [[[126.9594227, 37.5228964], [126.9594054, 37.5228042], [126.9596444, 37.522776], [126.9596494, 37.5228025], [126.9600119, 37.5227598], [126.9600286, 37.5228492], [126.9596549, 37.5228932], [126.9596505, 37.5228695], [126.9594227, 37.5228964]]]}}, {"type": "Feature", "properties": {"@id": "way/418264693", "building": "apartments", "building:flats": "109", "building:levels": "22", "height": "62", "name": "103", "start_date": "1999"}, "geometry": {"type": "Polygon", "coordinates": [[[126.9579975, 37.5242246], [126.9584592, 37.5239834], [126.9585303, 37.524069], [126.9580686, 37.5243102], [126.9579975, 37.5242246]]]}}, {"type": "Feature", "properties": {"@id": "way/418264696", "building": "apartments", "building:flats": "40", "building:levels": "20", "height": "57", "name": "101", "start_date": "1999"}, "geometry": {"type": "Polygon", "coordinates": [[[126.9586564, 37.5240242], [126.9585906, 37.5239445], [126.9587771, 37.5238478], [126.9588428, 37.5239275], [126.9586564, 37.5240242]]]}}, {"type": "Feature", "properties": {"@id": "way/418264698", "building": "apartments", "building:levels": "22", "name": "102"}, "geometry": {"type": "Polygon", "coordinates": [[[126.9584065, 37.5239358], [126.958217, 37.5237242], [126.9583142, 37.5236694], [126.9585037, 37.523881], [126.9584065, 37.5239358]]]}}, {"type": "Feature", "properties": {"@id": "way/418264700", "building": "apartments", "building:levels": "19", "name": "106", "start_date": "1999"}, "geometry": {"type": "Polygon", "coordinates": [[[126.9582423, 37.5236344], [126.9581681, 37.5235517], [126.9583626, 37.523442], [126.9584367, 37.5235247], [126.9582423, 37.5236344]]]}}, {"type": "Feature", "properties": {"@id": "way/418264701", "building": "apartments", "building:flats": "85", "building:levels": "22", "height": "62", "name": "105", "start_date": "1999"}, "geometry": {"type": "Polygon", "coordinates": [[[126.9575488, 37.523791], [126.9578226, 37.523643], [126.9578421, 37.5236658], [126.9580533, 37.5235516], [126.9581181, 37.523627], [126.9579028, 37.5237434], [126.9578832, 37.5237207], [126.9576137, 37.5238664], [126.9575488, 37.523791]]]}}, {"type": "Feature", "properties": {"@id": "way/418264703", "building": "apartments", "building:flats": "150", "building:levels": "22", "height": "62", "name": "104", "start_date": "1999"}, "geometry": {"type": "Polygon", "coordinates": [[[126.9578211, 37.5242794], [126.9578076, 37.5242647], [126.957578, 37.5240141], [126.9574916, 37.524064], [126.9574571, 37.5240263], [126.9574417, 37.5240095], [126.9575505, 37.5239468], [126.9575709, 37.523935], [126.9576121, 37.5239799], [126.9576684, 37.5239474], [126.9576895, 37.5239704], [126.9579202, 37.5242223], [126.9578211, 37.5242794]]]}}, {"type": "Feature", "properties": {"@id": "way/418264706", "building": "yes", "height": "7"}, "geometry": {"type": "Polygon", "coordinates": [[[126.9589424, 37.5239397], [126.9588175, 37.523794], [126.9588965, 37.5237514], [126.9590214, 37.5238971], [126.9589424, 37.5239397]]]}}, {"type": "Feature", "properties": {"@id": "way/418264708", "building": "yes", "height": "12"}, "geometry": {"type": "Polygon", "coordinates": [[[126.9586066, 37.5235231], [126.9584288, 37.5233229], [126.9584847, 37.5232917], [126.9586625, 37.5234919], [126.9586066, 37.5235231]]]}}, {"type": "Feature", "properties": {"@id": "way/418264710", "building": "yes", "height": "7"}, "geometry": {"type": "Polygon", "coordinates": [[[126.9588246, 37.5234993], [126.9586292, 37.5232881], [126.9589262, 37.5232154], [126.959023, 37.5234121], [126.9588246, 37.5234993]]]}}, {"type": "Feature", "properties": {"@id": "way/418264713", "building": "apartments", "building:levels": "8", "height": "16", "name": "\ub2e4"}, "geometry": {"type": "Polygon", "coordinates": [[[126.9595608, 37.5235928], [126.9592362, 37.5232463], [126.9593209, 37.5231963], [126.9596455, 37.5235428], [126.9595608, 37.5235928]]]}}, {"type": "Feature", "properties": {"@id": "way/418264715", "building": "apartments", "building:levels": "8", "height": "18.5", "name": "\ub098"}, "geometry": {"type": "Polygon", "coordinates": [[[126.9592889, 37.5237343], [126.9592341, 37.523671], [126.9594709, 37.5235422], [126.9595256, 37.5236054], [126.9592889, 37.5237343]]]}}, {"type": "Feature", "properties": {"@id": "way/418264717", "building": "apartments", "building:levels": "8", "height": "18.5", "name": "\uac00"}, "geometry": {"type": "Polygon", "coordinates": [[[126.9591525, 37.5234136], [126.9589123, 37.5235471], [126.9591568, 37.5238239], [126.9592491, 37.5237727], [126.9590684, 37.5235681], [126.9592201, 37.5234838], [126.9591713, 37.5234286], [126.9592846, 37.5233657], [126.9592166, 37.5232886], [126.9590996, 37.5233537], [126.9591525, 37.5234136]]]}}, {"type": "Feature", "properties": {"@id": "way/418264720", "building": "house", "height": "14.5"}, "geometry": {"type": "Polygon", "coordinates": [[[126.9600252, 37.523285], [126.9599554, 37.5232041], [126.9601216, 37.5231139], [126.9601914, 37.5231949], [126.9600252, 37.523285]]]}}, {"type": "Feature", "properties": {"@id": "way/418264721", "building": "apartments", "height": "20", "name": "\uac00"}, "geometry": {"type": "Polygon", "coordinates": [[[126.9595405, 37.5233039], [126.9597657, 37.5231744], [126.9598305, 37.5232475], [126.9596027, 37.5233743], [126.9595405, 37.5233039]]]}}, {"type": "Feature", "properties": {"@id": "way/418264723", "building": "apartments", "height": "13", "name": "\ub098"}, "geometry": {"type": "Polygon", "coordinates": [[[126.9595078, 37.5232795], [126.9593668, 37.5231296], [126.9594803, 37.5231169], [126.9595882, 37.5232319], [126.9595078, 37.5232795]]]}}, {"type": "Feature", "properties": {"@id": "way/418264726", "building": "house", "height": "13.5"}, "geometry": {"type": "Polygon", "coordinates": [[[126.9599424, 37.5231763], [126.9599007, 37.5231284], [126.9599669, 37.5230922], [126.9600836, 37.5230989], [126.9599424, 37.5231763]]]}}, {"type": "Feature", "properties": {"@id": "way/418264728", "building": "house", "height": "3"}, "geometry": {"type": "Polygon", "coordinates": [[[126.9597213, 37.5235286], [126.9596734, 37.5234766], [126.9598081, 37.5233986], [126.9598559, 37.5234505], [126.9597213, 37.5235286]]]}}, {"type": "Feature", "properties": {"@id": "way/418264730", "building": "house", "height": "3"}, "geometry": {"type": "Polygon", "coordinates": [[[126.9596606, 37.523462], [126.9596127, 37.52341], [126.9597474, 37.523332], [126.9597953, 37.5233839], [126.9596606, 37.523462]]]}}, {"type": "Feature", "properties": {"@id": "way/418264735", "building": "yes", "building:levels": "21", "height": "100", "name": "LG\uc720\ud50c\ub7ec\uc2a4\ubcf8\uc0ac", "name:en": "LG U+ headquarters", "name:ja": "LG U+\u672c\u793e", "office": "telecommunication", "start_date": "2015"}, "geometry": {"type": "Polygon", "coordinates": [[[126.9635975, 37.5240715], [126.9632172, 37.5236694], [126.9634744, 37.5235164], [126.9638547, 37.5239186], [126.9635975, 37.5240715]]]}}, {"type": "Feature", "properties": {"@id": "way/453446697", "amenity": "parking", "building": "parking", "fee": "yes", "name": "\uc804\uc790\ub79c\ub4dc \ubcc4\uad00 \uc8fc\ucc28\uc7a5", "parking": "multi-storey", "payment:credit_cards": "yes", "surface": "metal"}, "geometry": {"type": "Polygon", "coordinates": [[[126.9579785, 37.5330278], [126.9581641, 37.5330711], [126.9586702, 37.533189], [126.9586955, 37.5331949], [126.9585934, 37.5334581], [126.9585843, 37.5334814], [126.9581336, 37.5334965], [126.9579288, 37.5334525], [126.9578374, 37.5334328], [126.9579785, 37.5330278]]]}}, {"type": "Feature", "properties": {"@id": "way/453494416", "building": "office", "building:levels": "16", "height": "63", "name": "\uc6a9\uc0b0\uc804\uc790\uc624\ud53c\uc2a4\ud154", "start_date": "1991"}, "geometry": {"type": "Polygon", "coordinates": [[[126.9565698, 37.5320488], [126.9566803, 37.5318782], [126.9570002, 37.5320087], [126.9568897, 37.5321792], [126.9565698, 37.5320488]]]}}, {"type": "Feature", "properties": {"@id": "way/453494417", "building": "office", "building:levels": "20", "height": "88", "name": "\uc758\ub9bc\ube4c\ub529", "start_date": "2012"}, "geometry": {"type": "Polygon", "coordinates": [[[126.9571376, 37.5319316], [126.9573333, 37.5320089], [126.9572921, 37.5320745], [126.9572865, 37.5320834], [126.9572876, 37.5320839], [126.9571705, 37.5322701], [126.9569996, 37.5322025], [126.9570003, 37.5322015], [126.9569744, 37.5321912], [126.9570964, 37.5319971], [126.9571376, 37.5319316]]]}}, {"type": "Feature", "properties": {"@id": "way/453494418", "building": "commercial", "building:levels": "3"}, "geometry": {"type": "Polygon", "coordinates": [[[126.9575028, 37.5324992], [126.9573648, 37.5324555], [126.9574973, 37.5321928], [126.9576352, 37.5322366], [126.9575028, 37.5324992]]]}}, {"type": "Feature", "properties": {"@id": "way/453494419", "building": "yes", "building:floor": "5", "height": "15", "name": "\ub300\uad50\ube4c\ub529", "office": "yes"}, "geometry": {"type": "Polygon", "coordinates": [[[126.9579181, 37.533592], [126.9579643, 37.5335407], [126.9580083, 37.5335663], [126.9580229, 37.5335505], [126.9580414, 37.5335603], [126.9580598, 37.5335456], [126.9580876, 37.5335578], [126.958103, 37.5335407], [126.9584665, 37.533724], [126.9583679, 37.533829], [126.9579181, 37.533592]]]}}, {"type": "Feature", "properties": {"@id": "way/453494420", "building": "office", "building:levels": "14", "height": "62", "name": "\uccad\uc9c4\ube4c\ub529", "start_date": "1996"}, "geometry": {"type": "Polygon", "coordinates": [[[126.9585666, 37.5338032], [126.9586952, 37.5335686], [126.9590072, 37.5336762], [126.9589179, 37.533813], [126.9588809, 37.5338521], [126.958847, 37.5338692], [126.9588131, 37.5338732], [126.9587762, 37.5338716], [126.9585666, 37.5338032]]]}}, {"type": "Feature", "properties": {"@id": "way/453494421", "building": "commercial", "building:floor": "3", "height": "9", "name": "\uc804\uc790\ub79c\ub4dc \ubcc4\uad00", "name:en": "Electro Land ANNEX", "name:ja": "\u96fb\u5b50\u30e9\u30f3\u30c9 \u5225\u9928"}, "geometry": {"type": "Polygon", "coordinates": [[[126.9586428, 37.5334139], [126.9587171, 37.533223], [126.9588268, 37.5331837], [126.9593258, 37.5333016], [126.9593719, 37.5333718], [126.9594568, 37.5333942], [126.9593798, 37.5335932], [126.9586428, 37.5334139]]]}}, {"type": "Feature", "properties": {"@id": "way/454119919", "building": "hotel", "building:levels": "40", "height": "140", "name": "\uc774\ube44\uc2a4 \uc2a4\ud0c0\uc77c \uc570\ubc30\uc11c\ub354 \ud638\ud154 \uc6a9\uc0b0", "name:en": "IBIS STYLE Ambassador HOTEL Yongsan", "name:ja": "\u30a4\u30d3\u30b9\u30b9\u30bf\u30a4\u30eb\u30ba\u30a2\u30f3\u30d0\u30b5\u30c0\u30fc\u30db\u30c6\u30eb\u9f8d\u5c71", "name:zh": "IBIS STYLE Hotel", "start_date": "2017"}, "geometry": {"type": "Polygon", "coordinates": [[[126.9608013, 37.5323302], [126.9607263, 37.5320682], [126.961176, 37.5319872], [126.961234, 37.5321899], [126.961251, 37.5322492], [126.9608013, 37.5323302]]]}}, {"type": "Feature", "properties": {"@id": "way/454119920", "building": "hotel", "building:levels": "40", "height": "140", "name": "\ub178\ubcf4\ud154 \uc570\ubc30\uc11c\ub354 \uc11c\uc6b8 \uc6a9\uc0b0", "name:en": "NOVOTEL ambassador Seoul Yongsan", "name:ja": "\u30ce\u30dc\u30c6\u30eb\u30a2\u30f3\u30d0\u30b5\u30c0\u30fc \u30bd\u30a6\u30eb\u9f8d\u5c71", "name:ko": "\ub178\ubcf4\ud154 \uc570\ubc30\uc11c\ub354 \uc11c\uc6b8 \uc6a9\uc0b0", "start_date": "2017"}, "geometry": {"type": "Polygon", "coordinates": [[[126.9617318, 37.5321664], [126.9617138, 37.5321035], [126.9616554, 37.5319007], [126.961988, 37.5318405], [126.9620125, 37.5319255], [126.9620532, 37.5319181], [126.9620788, 37.5320075], [126.9620381, 37.5320148], [126.9620644, 37.5321062], [126.9617318, 37.5321664]]]}}, {"type": "Feature", "properties": {"@id": "way/454119921", "building": "hotel", "building:colour": "#606060", "building:levels": "40", "building:material": "glass", "height": "150", "name": "\ub178\ubcf4\ud154 \uc2a4\uc704\ud2b8 \uc570\ubc30\uc11c\ub354 \uc11c\uc6b8 \uc6a9\uc0b0", "name:en": "NOVOTEL Suites Ambassador Seoul Yongsan", "name:ja": "\u30ce\u30dc\u30c6\u30eb\u30b9\u30a4\u30fc\u30c8\u30a2\u30f3\u30d0\u30b5\u30c0\u30fc\u30bd\u30a6\u30eb\u9f8d\u5c71", "name:ko": "\ub178\ubcf4\ud154 \uc2a4\uc704\ud2b8 \uc570\ubc30\uc11c\ub354 \uc11c\uc6b8 \uc6a9\uc0b0", "start_date": "2017"}, "geometry": {"type": "Polygon", "coordinates": [[[126.9628501, 37.5319967], [126.962766, 37.5317012], [126.9634996, 37.5315698], [126.9635837, 37.5318653], [126.9628501, 37.5319967]]]}}, {"type": "Feature", "properties": {"@id": "way/464220198", "building": "commercial"}, "geometry": {"type": "Polygon", "coordinates": [[[126.9639334, 37.5342048], [126.9645306, 37.5342872], [126.9645954, 37.5339921], [126.9639982, 37.5339097], [126.9639334, 37.5342048]]]}}, {"type": "Feature", "properties": {"@id": "way/464220200", "building": "commercial", "name": "\ub098\uc9c4\uc0c1\uac00 14\ub3d9", "name:ja": "\u30ca\u30b8\u30f3\u5546\u8857 14\u68df"}, "geometry": {"type": "Polygon", "coordinates": [[[126.9629881, 37.5336125], [126.9637734, 37.5337169], [126.9638062, 37.5335617], [126.9630209, 37.5334573], [126.9629881, 37.5336125]]]}}, {"type": "Feature", "properties": {"@id": "way/464426401", "addr:city": "\uc11c\uc6b8\ud2b9\ubcc4\uc2dc", "addr:district": "\uc6a9\uc0b0\uad6c", "addr:housenumber": "80-8", "addr:postcode": "04374", "addr:street": "\uc774\ucd0c\ub85c", "addr:subdistrict": "\uc774\ucd0c\ub3d9", "amenity": "place_of_worship", "building": "church", "building:use": "religious", "denomination": "catholic", "name": "\ucc9c\uc8fc\uad50 \uc21c\uad50\uc131\uc9c0 \uc0c8\ub0a8\ud130 \uae30\ub150\uc131\ub2f9", "name:en": "Catholic church Saenamteo", "religion": "christian", "website": "http://saenamteo.or.kr/"}, "geometry": {"type": "Polygon", "coordinates": [[[126.9565064, 37.5248965], [126.9568026, 37.5246573], [126.9569651, 37.5247839], [126.9572353, 37.5249944], [126.956964, 37.5252134], [126.9569391, 37.5252335], [126.9565064, 37.5248965]]]}}, {"type": "Feature", "properties": {"@id": "way/468685266", "addr:city": "\uc11c\uc6b8\ud2b9\ubcc4\uc2dc", "addr:district": "\uc6a9\uc0b0\uad6c", "addr:housenumber": "109", "addr:postcode": "04376", "addr:street": "\ud55c\uac15\ub300\ub85c", "addr:subdistrict": "\ud55c\uac15\ub85c2\uac00", "building": "commercial", "building:levels": "19", "height": "71.95", "name": "\uc6a9\uc131\ube44\uc988\ud154", "start_date": "2002"}, "geometry": {"type": "Polygon", "coordinates": [[[126.9683629, 37.5300476], [126.968211, 37.5301434], [126.9679874, 37.5299205], [126.9681393, 37.5298247], [126.9683629, 37.5300476]]]}}, {"type": "Feature", "properties": {"@id": "way/469022818", "amenity": "public_bath", "bath:type": "hot_spring", "building": "yes", "building:levels": "7", "fee": "yes", "height": "7.5", "name": "Dragon Hill Spa", "name:en": "Dragon Hill Spa", "name:ja": "\u30c9\u30e9\u30b4\u30f3\u30d2\u30eb\u30b9\u30d1 \u30a6\u30a9\u30fc\u30bf\u30fc\u30d1\u30fc\u30af", "name:ko": "\ub4dc\ub798\uace4\ud790\uc2a4\ud30c\uc6cc\ud130\ud30c\ud06c", "name:zh": "\u9f8d\u5c71\u6c57\u84b8\u5e55", "opening_hours": "24/7", "opening_hours:covid19": "off", "phone": "+82 2 792 0001", "website": "http://dragonhillspa.com/"}, "geometry": {"type": "Polygon", "coordinates": [[[126.9640316, 37.5275104], [126.9644275, 37.5279389], [126.9639182, 37.5282315], [126.9635432, 37.5278356], [126.9638079, 37.5276847], [126.9635142, 37.5273987], [126.9637948, 37.5272504], [126.9640316, 37.5275104]]]}}, {"type": "Feature", "properties": {"@id": "way/471880063", "building": "apartments", "building:flats": "78", "building:levels": "20", "height": "56", "start_date": "1999"}, "geometry": {"type": "Polygon", "coordinates": [[[126.958217, 37.5237242], [126.9583142, 37.5236694], [126.9585037, 37.523881], [126.9584065, 37.5239358], [126.958217, 37.5237242]]]}}, {"type": "Feature", "properties": {"@id": "way/471880066", "building": "apartments", "building:flats": "37", "building:levels": "19", "height": "54", "name": "106", "start_date": "1999"}, "geometry": {"type": "Polygon", "coordinates": [[[126.9581681, 37.5235517], [126.9583626, 37.523442], [126.9584367, 37.5235247], [126.9582423, 37.5236344], [126.9581681, 37.5235517]]]}}, {"type": "Feature", "properties": {"@id": "way/474753191", "building": "yes", "building:levels": "3", "name": "\ub098\uc9c4\uc0c1\uac00 13\ub3d9 (Najin Arcade)", "name:ja": "\u30ca\u30b8\u30f3\u5546\u8857 13\u68df"}, "geometry": {"type": "Polygon", "coordinates": [[[126.9617775, 37.5326841], [126.9630254, 37.5328418], [126.9631139, 37.5327369], [126.9631233, 37.5326902], [126.963088, 37.5326857], [126.9618096, 37.5325243], [126.9617775, 37.5326841]]]}}, {"type": "Feature", "properties": {"@id": "way/474753192", "building": "commercial", "level": "3", "name": "\ub098\uc9c4\uc0c1\uac00 19\ub3d9", "name:ja": "\u30ca\u30b8\u30f3\u5546\u8857 19\u68df"}, "geometry": {"type": "Polygon", "coordinates": [[[126.965088, 37.5334286], [126.9651461, 37.5334365], [126.9664478, 37.5336156], [126.9664853, 37.5336207], [126.9665193, 37.5334652], [126.9651221, 37.5332728], [126.965088, 37.5334286]]]}}, {"type": "Feature", "properties": {"@id": "way/474753193", "building": "commercial", "level": "3", "name": "\ub098\uc9c4\uc0c1\uac00 20\ub3d9", "name:ja": "\u30ca\u30b8\u30f3\u5546\u8857 20\u68df"}, "geometry": {"type": "Polygon", "coordinates": [[[126.9650887, 37.5331528], [126.9665766, 37.5333729], [126.9666012, 37.5332682], [126.9651134, 37.533048], [126.9650887, 37.5331528]]]}}, {"type": "Feature", "properties": {"@id": "way/474753194", "amenity": "parking", "building": "yes", "level": "4"}, "geometry": {"type": "Polygon", "coordinates": [[[126.9665509, 37.5335673], [126.966716, 37.5335904], [126.9667799, 37.5333027], [126.9666148, 37.5332796], [126.9665509, 37.5335673]]]}}, {"type": "Feature", "properties": {"@id": "way/481980386", "building": "yes", "name": "\uc6a9\uc0b0\ube57\ubb3c\ud38c\ud504\uc7a5"}, "geometry": {"type": "Polygon", "coordinates": [[[126.9579862, 37.5320425], [126.9580352, 37.5320561], [126.9580028, 37.5321295], [126.9581074, 37.5321585], [126.9581398, 37.5320851], [126.958204, 37.5319398], [126.9580993, 37.5319108], [126.9580503, 37.5318972], [126.9579862, 37.5320425]]]}}, {"type": "Feature", "properties": {"@id": "way/492705276", "addr:city": "\uc11c\uc6b8\ud2b9\ubcc4\uc2dc", "addr:district": "\uc6a9\uc0b0\uad6c", "addr:housenumber": "55", "addr:postcode": "04377", "addr:street": "\ud55c\uac15\ub300\ub85c23\uae38", "addr:subdistrict": "\ud55c\uac15\ub85c3\uac00", "building": "yes", "building:colour": "#9cddd0", "building:levels": "7", "building:material": "glass", "building:min_level": "3", "building:part": "yes", "min_height": "3", "name": "\uc544\uc774\ud30c\ud06c\ubab0 \uc5d0\uc5b4\uc27d", "name:en": "I'park Mall (airship) h&m", "name:ja": "\u30a2\u30a4\u30d1\u30fc\u30af\u30e2\u30fc\u30eb \u30a8\u30a2\u30fc\u30b7\u30c3\u30d7", "name:ko": "\uc544\uc774\ud30c\ud06c\ubab0 \uc5d0\uc5b4\uc27d", "roof:colour": "#e1e4e6", "roof:material": "metal", "roof:shape": "round", "shop": "mall"}, "geometry": {"type": "Polygon", "coordinates": [[[126.9655168, 37.5294629], [126.9654667, 37.5294713], [126.9654334, 37.5294769], [126.9653488, 37.5294688], [126.965272, 37.5294395], [126.9652112, 37.5293921], [126.965173, 37.5293316], [126.9651582, 37.5292647], [126.9651675, 37.5292253], [126.9651831, 37.5291875], [126.9652051, 37.5291556], [126.9652338, 37.5291272], [126.9652701, 37.5291023], [126.9653116, 37.529083], [126.9653634, 37.5290689], [126.9654178, 37.5290636], [126.9655039, 37.5290741], [126.9655478, 37.5290893], [126.9655875, 37.5291107], [126.9656203, 37.5291362], [126.9656469, 37.5291659], [126.9656692, 37.5292048], [126.9656809, 37.5292465], [126.9656767, 37.529314], [126.9656453, 37.5293768], [126.9655901, 37.5294283], [126.9655168, 37.5294629]]]}}, {"type": "Feature", "properties": {"@id": "way/492722395", "addr:city": "\uc11c\uc6b8\ud2b9\ubcc4\uc2dc", "addr:district": "\uc6a9\uc0b0\uad6c", "addr:housenumber": "55", "addr:postcode": "04377", "addr:street": "\ud55c\uac15\ub300\ub85c23\uae38", "addr:subdistrict": "\ud55c\uac15\ub85c3\uac00", "building": "yes", "building:levels": "6", "name": "\uc544\uc774\ud30c\ud06c\ubab0 \ud328\uc158\ud30c\ud06c", "name:en": "I'park Mall (fashion)", "name:ja": "\u30a2\u30a4\u30d1\u30fc\u30af\u30e2\u30fc\u30eb(\u30d5\u30a1\u30c3\u30b7\u30e7\u30f3)", "name:ko": "\uc544\uc774\ud30c\ud06c\ubab0 \ud328\uc158\ud30c\ud06c", "shop": "mall"}, "geometry": {"type": "Polygon", "coordinates": [[[126.9653662, 37.5295549], [126.9654667, 37.5294713], [126.9655168, 37.5294629], [126.9655901, 37.5294283], [126.9656453, 37.5293768], [126.9656767, 37.529314], [126.9656809, 37.5292465], [126.9662469, 37.5297124], [126.9662964, 37.5297149], [126.9663413, 37.5297293], [126.9663677, 37.5297605], [126.9663736, 37.529797], [126.9663685, 37.5298331], [126.9663442, 37.5298589], [126.9663048, 37.5298783], [126.9662587, 37.5298797], [126.966218, 37.5298724], [126.9660442, 37.5300495], [126.9653662, 37.5295549]]]}}, {"type": "Feature", "properties": {"@id": "way/492723094", "addr:city": "\uc11c\uc6b8\ud2b9\ubcc4\uc2dc", "addr:district": "\uc6a9\uc0b0\uad6c", "addr:housenumber": "55", "addr:postcode": "04377", "addr:street": "\ud55c\uac15\ub300\ub85c23\uae38", "addr:subdistrict": "\ud55c\uac15\ub85c3\uac00", "building": "yes", "building:levels": "7", "layer": "1", "name": "\uc544\uc774\ud30c\ud06c\ubab0 \ub9ac\ube59\ud30c\ud06c", "name:en": "I'park Mall (living)", "name:ja": "\u30a2\u30a4\u30d1\u30fc\u30af\u30e2\u30fc\u30eb(\u30ea\u30d3\u30f3\u30b0)", "name:ko": "\uc544\uc774\ud30c\ud06c\ubab0 \ub9ac\ube59\ud30c\ud06c", "shop": "mall"}, "geometry": {"type": "Polygon", "coordinates": [[[126.9641851, 37.5287722], [126.9643911, 37.5286589], [126.9643653, 37.5286237], [126.9645673, 37.5285023], [126.9650345, 37.5289669], [126.9650619, 37.5289941], [126.9649246, 37.5291045], [126.9647841, 37.5291969], [126.9641851, 37.5287722]]]}}, {"type": "Feature", "properties": {"@id": "way/492727625", "addr:city": "\uc11c\uc6b8\ud2b9\ubcc4\uc2dc", "addr:district": "\uc6a9\uc0b0\uad6c", "addr:housenumber": "55", "addr:postcode": "04377", "addr:street": "\ud55c\uac15\ub300\ub85c23\uae38", "addr:subdistrict": "\ud55c\uac15\ub85c3\uac00", "building": "yes", "building:levels": "8", "building:min_level": "3", "building:part": "yes", "layer": "1", "min_height": "3", "name": "\uc544\uc774\ud30c\ud06c\ubab0 \ub514\uc9c0\ud138\uc804\ubb38\uc810", "name:en": "I'park Mall (digital)", "name:ja": "\u30a2\u30a4\u30d1\u30fc\u30af\u30e2\u30fc\u30eb(\u30c7\u30b8\u30bf\u30eb)", "name:ko": "\uc544\uc774\ud30c\ud06c\ubab0 \ub514\uc9c0\ud138\uc804\ubb38\uc810", "shop": "mall", "website": "https://www.hdc-iparkmall.com/main/index.do"}, "geometry": {"type": "Polygon", "coordinates": [[[126.9647841, 37.5291969], [126.9641599, 37.5297334], [126.9635723, 37.5293037], [126.9641851, 37.5287722], [126.9647841, 37.5291969]]]}}, {"type": "Feature", "properties": {"@id": "way/492727626", "addr:city": "\uc11c\uc6b8\ud2b9\ubcc4\uc2dc", "addr:district": "\uc6a9\uc0b0\uad6c", "addr:housenumber": "55", "addr:postcode": "04377", "addr:street": "\ud55c\uac15\ub300\ub85c23\uae38", "addr:subdistrict": "\ud55c\uac15\ub85c3\uac00", "building": "yes", "building:levels": "7", "building:min_level": "3", "layer": "1", "min_height": "3", "name": "\uc2e0\ub77c\uba74\uc138\uc810 \uc544\uc774\ud30c\ud06c\ubab0", "name:en": "Shilla I'park duty free", "name:ja": "\u65b0\u7f85\u514d\u7a0e\u5e97 \u30a2\u30a4\u30d1\u30fc\u30af\u30e2\u30fc\u30eb", "name:ko": "\uc2e0\ub77c\uba74\uc138\uc810 \uc544\uc774\ud30c\ud06c\ubab0", "shop": "mall"}, "geometry": {"type": "Polygon", "coordinates": [[[126.9635723, 37.5293037], [126.9632589, 37.5295805], [126.9638568, 37.5300031], [126.9641599, 37.5297334], [126.9635723, 37.5293037]]]}}, {"type": "Feature", "properties": {"@id": "way/553183278", "building": "commercial", "height": "16", "name": "\ub300\uc6d0\ubbf8\ub514\uc5b4"}, "geometry": {"type": "Polygon", "coordinates": [[[126.9632045, 37.5258306], [126.96303, 37.5256558], [126.963174, 37.5255496], [126.9632402, 37.5256088], [126.9632949, 37.5256576], [126.9633686, 37.5257373], [126.9632045, 37.5258306]]]}}, {"type": "Feature", "properties": {"@id": "way/564075709", "building": "apartments", "building:flats": "48", "building:levels": "12", "height": "34", "start_date": "2006"}, "geometry": {"type": "Polygon", "coordinates": [[[126.9593387, 37.5253288], [126.9594137, 37.5252415], [126.9598906, 37.5255168], [126.9598064, 37.5255968], [126.9593387, 37.5253288]]]}}, {"type": "Feature", "properties": {"@id": "way/564075710", "building": "apartments", "building:flats": "24", "building:levels": "12", "height": "34", "start_date": "2006"}, "geometry": {"type": "Polygon", "coordinates": [[[126.9599384, 37.5255505], [126.9600923, 37.5253924], [126.9601838, 37.5254685], [126.9600422, 37.5256301], [126.9599384, 37.5255505]]]}}, {"type": "Feature", "properties": {"@id": "way/564075711", "building": "apartments", "building:flats": "24", "building:levels": "12", "height": "34", "start_date": "2006"}, "geometry": {"type": "Polygon", "coordinates": [[[126.9592665, 37.525152], [126.9594326, 37.5249621], [126.9595506, 37.5250226], [126.9593791, 37.5252152], [126.9592665, 37.525152]]]}}, {"type": "Feature", "properties": {"@id": "way/564075712", "building": "apartments", "building:flats": "48", "building:levels": "12", "height": "34", "start_date": "2006"}, "geometry": {"type": "Polygon", "coordinates": [[[126.9599804, 37.5257254], [126.9600967, 37.5256251], [126.9605468, 37.5258987], [126.9604386, 37.525997], [126.9599804, 37.5257254]]]}}, {"type": "Feature", "properties": {"@id": "way/564075713", "building": "yes", "height": "5.35"}, "geometry": {"type": "Polygon", "coordinates": [[[126.9584966, 37.5251934], [126.958284, 37.5250838], [126.9583013, 37.5250634], [126.9582114, 37.5250156], [126.9582793, 37.5249549], [126.9585611, 37.5250991], [126.9584966, 37.5251934]]]}}, {"type": "Feature", "properties": {"@id": "way/564075714", "building": "yes", "height": "10.38", "name": "\uc6a9\uc0b0\ud30c\ud06c\ub9e8\uc1582"}, "geometry": {"type": "Polygon", "coordinates": [[[126.9604547, 37.5238372], [126.9601919, 37.5235509], [126.9602973, 37.5234891], [126.960557, 37.5237712], [126.9604547, 37.5238372]]]}}, {"type": "Feature", "properties": {"@id": "way/564075715", "building": "yes", "height": "10.89", "name": "\uc6a9\uc0b0\ud30c\ud06c\ub9e8\uc1581\ub3d9"}, "geometry": {"type": "Polygon", "coordinates": [[[126.9604179, 37.5235083], [126.9604497, 37.5234363], [126.9605547, 37.5234437], [126.9607113, 37.5234266], [126.9607469, 37.5235054], [126.9606249, 37.5235523], [126.9606262, 37.5236453], [126.9605135, 37.523641], [126.9605118, 37.5235476], [126.9604179, 37.5235083]]]}}, {"type": "Feature", "properties": {"@id": "way/564075718", "building": "church", "height": "17.70", "name": "\ud55c\uac15\uc911\uc559\uad50\ud68c"}, "geometry": {"type": "Polygon", "coordinates": [[[126.9600963, 37.5239755], [126.9602313, 37.5238172], [126.9604508, 37.5239479], [126.9603226, 37.5241019], [126.9600963, 37.5239755]]]}}, {"type": "Feature", "properties": {"@id": "way/564075719", "building": "school", "name": "\uac15\ub2f9"}, "geometry": {"type": "Polygon", "coordinates": [[[126.9672516, 37.5239099], [126.9670989, 37.5237413], [126.9675008, 37.5235123], [126.9676536, 37.5236808], [126.9672516, 37.5239099]]]}}, {"type": "Feature", "properties": {"@id": "way/564075720", "building": "yes"}, "geometry": {"type": "Polygon", "coordinates": [[[126.9669924, 37.5240662], [126.966912, 37.5239782], [126.9671028, 37.5238686], [126.9671832, 37.5239566], [126.9669924, 37.5240662]]]}}, {"type": "Feature", "properties": {"@id": "way/564075721", "building": "school", "name": "\ud611\ub3d91\uad00"}, "geometry": {"type": "Polygon", "coordinates": [[[126.9670023, 37.5244695], [126.9666958, 37.524136], [126.9668839, 37.5240272], [126.9671632, 37.524331], [126.9671062, 37.524364], [126.9671335, 37.5243936], [126.9670023, 37.5244695]]]}}, {"type": "Feature", "properties": {"@id": "way/564075722", "building": "school", "name": "\ucc3d\uc870\uad00"}, "geometry": {"type": "Polygon", "coordinates": [[[126.9673229, 37.524788], [126.9672927, 37.5247525], [126.9672566, 37.52471], [126.9671918, 37.5246339], [126.9674815, 37.5244788], [126.9673828, 37.5243627], [126.9675497, 37.5242734], [126.9677796, 37.5245437], [126.9673229, 37.524788]]]}}, {"type": "Feature", "properties": {"@id": "way/564075723", "building": "school", "name": "\uc131\uc2e4\uad00"}, "geometry": {"type": "Polygon", "coordinates": [[[126.9664467, 37.5253123], [126.9663105, 37.5251676], [126.9670562, 37.5247263], [126.9671154, 37.5247906], [126.9671532, 37.5248322], [126.9671923, 37.5248709], [126.9664467, 37.5253123]]]}}, {"type": "Feature", "properties": {"@id": "way/564075724", "building": "yes"}, "geometry": {"type": "Polygon", "coordinates": [[[126.9649807, 37.5252364], [126.9649178, 37.525267], [126.9648871, 37.5252946], [126.9648815, 37.5253208], [126.9648862, 37.5253489], [126.9648997, 37.5253726], [126.9649241, 37.5253963], [126.9649641, 37.5254172], [126.96501, 37.5254295], [126.9650806, 37.5254312], [126.9651336, 37.5254195], [126.96518, 37.5253956], [126.9652088, 37.5253556], [126.9651913, 37.5253055], [126.9651567, 37.525265], [126.9651774, 37.5252538], [126.9652285, 37.5253135], [126.9652604, 37.5252963], [126.9652479, 37.5252817], [126.9653863, 37.5252643], [126.9655536, 37.5251661], [126.9654539, 37.5250603], [126.9653031, 37.5251438], [126.9651914, 37.5251478], [126.9651369, 37.5251301], [126.9649411, 37.5251238], [126.964807, 37.5251654], [126.964741, 37.5252011], [126.964813, 37.5252848], [126.9648928, 37.5252417], [126.9649829, 37.5252223], [126.9649807, 37.5252364]]]}}, {"type": "Feature", "properties": {"@id": "way/575698711", "building": "apartments", "building:flats": "97", "building:levels": "40", "height": "150", "layer": "2", "name": "B\ub3d9", "start_date": "2017"}, "geometry": {"type": "Polygon", "coordinates": [[[126.9672769, 37.5295408], [126.9674471, 37.5297196], [126.9676292, 37.5296106], [126.9674973, 37.5294603], [126.9674793, 37.5291756], [126.9672964, 37.5291901], [126.9672458, 37.5293465], [126.9670294, 37.5293467], [126.9670132, 37.5294236], [126.9669965, 37.5295034], [126.9672769, 37.5295408]]]}}, {"type": "Feature", "properties": {"@id": "way/575698712", "building": "apartments", "building:flats": "97", "building:levels": "40", "height": "150", "layer": "2", "name": "A\ub3d9", "start_date": "2017"}, "geometry": {"type": "Polygon", "coordinates": [[[126.9666605, 37.5289242], [126.9668632, 37.5291013], [126.9669467, 37.5290412], [126.9670336, 37.5289787], [126.9668802, 37.5288082], [126.966886, 37.5285797], [126.9666681, 37.5285813], [126.9665912, 37.5287103], [126.9664106, 37.5287323], [126.9663789, 37.5288834], [126.9666605, 37.5289242]]]}}, {"type": "Feature", "properties": {"@id": "way/599424767", "building": "apartments", "building:flats": "151", "building:levels": "37", "height": "147", "name": "\uc6a9\uc0b0\ud478\ub974\uc9c0\uc624\uc368\ubc0b \uc8fc\uac70\ub3d9", "name:ja": "\u9f8d\u5c71\u30d7\u30eb\u30b8\u30aa\u30b5\u30df\u30c3\u30c8 \u4f4f\u5c45\u68df", "start_date": "2017"}, "geometry": {"type": "Polygon", "coordinates": [[[126.9647996, 37.5272421], [126.9648045, 37.5271673], [126.9647487, 37.5270977], [126.9646326, 37.5270833], [126.9646567, 37.5269617], [126.9647742, 37.5269763], [126.964854, 37.526927], [126.9648461, 37.5268316], [126.9649995, 37.5268236], [126.9650087, 37.5269346], [126.9650613, 37.5269826], [126.9651694, 37.5269733], [126.9651878, 37.5271069], [126.965031, 37.5271205], [126.964956, 37.5271685], [126.9649508, 37.5272483], [126.9647996, 37.5272421]]]}}, {"type": "Feature", "properties": {"@id": "way/599424768", "building": "yes", "building:flats": "651", "building:levels": "38", "height": "155", "name": "\uc6a9\uc0b0\ud478\ub974\uc9c0\uc624\uc368\ubc0b \uc5c5\ubb34\ub3d9", "name:en": "Yongsan Purgeosummit Office Building", "name:ja": "\u9f8d\u5c71\u30d7\u30eb\u30b8\u30aa\u30b5\u30df\u30c3\u30c8 \u696d\u52d9\u68df", "name:ko": "\uc6a9\uc0b0\ud478\ub974\uc9c0\uc624\uc368\ubc0b \uc5c5\ubb34\ub3d9", "start_date": "2017"}, "geometry": {"type": "Polygon", "coordinates": [[[126.9652847, 37.5276714], [126.9656802, 37.5274406], [126.9654603, 37.5272036], [126.9650648, 37.5274345], [126.9652847, 37.5276714]]]}}, {"type": "Feature", "properties": {"@id": "way/599427531", "addr:city": "\uc11c\uc6b8\ud2b9\ubcc4\uc2dc", "addr:district": "\uc6a9\uc0b0\uad6c", "addr:housenumber": "28", "addr:postcode": "04386", "addr:street": "\ud55c\uac15\ub300\ub85c38\uae38", "addr:subdistrict": "\ud55c\uac15\ub85c2\uac00", "amenity": "townhall", "building": "yes", "government": "administrative", "name": "\ud55c\uac15\ub85c\ub3d9 \uc8fc\ubbfc\uc13c\ud130", "name:en": "Hangangnodong Community Service Center", "name:ja": "\u6f22\u6c5f\u8def\u6d1e\u4f4f\u6c11\u30bb\u30f3\u30bf\u30fc", "name:ko": "\ud55c\uac15\ub85c\ub3d9 \uc8fc\ubbfc\uc13c\ud130", "name:ko-Latn": "Hangangnodong Juminsenteo", "office": "government"}, "geometry": {"type": "Polygon", "coordinates": [[[126.9692114, 37.5283068], [126.9694276, 37.528179], [126.9691944, 37.5279289], [126.9689705, 37.5280602], [126.9692114, 37.5283068]]]}}, {"type": "Feature", "properties": {"@id": "way/599427533", "building": "yes", "building:levels": "9", "height": "90", "name": "\ucca0\ub3c4\ud68c\uad00", "name:ja": "\u9244\u9053\u4f1a\u9928", "office": "government", "start_date": "2004"}, "geometry": {"type": "Polygon", "coordinates": [[[126.9632894, 37.5281762], [126.9634427, 37.5280454], [126.9631073, 37.527798], [126.9630314, 37.5278628], [126.9630181, 37.5278529], [126.9629406, 37.5279189], [126.9632894, 37.5281762]]]}}, {"type": "Feature", "properties": {"@id": "way/610238791", "building": "hotel", "height": "130", "min_height": "110"}, "geometry": {"type": "Polygon", "coordinates": [[[126.961234, 37.5321899], [126.9617138, 37.5321035], [126.9616554, 37.5319007], [126.961176, 37.5319872], [126.961234, 37.5321899]]]}}, {"type": "Feature", "properties": {"@id": "way/634526259", "addr:city": "\uc11c\uc6b8\ud2b9\ubcc4\uc2dc", "addr:district": "\uc6a9\uc0b0\uad6c", "addr:housenumber": "128", "addr:postcode": "04366", "addr:street": "\uc6d0\ud6a8\ub85c", "addr:subdistrict": "\uc6d0\ud6a8\ub85c3\uac00", "building": "yes", "building:flats": "144", "building:levels": "15", "height": "53", "name": "e-\ud0dc\ud06c\ubca8\ub9ac", "start_date": "2003"}, "geometry": {"type": "Polygon", "coordinates": [[[126.9574759, 37.5333074], [126.9576416, 37.5331379], [126.9577564, 37.5332085], [126.9578685, 37.5332774], [126.9577028, 37.5334469], [126.9574759, 37.5333074]]]}}, {"type": "Feature", "properties": {"@id": "way/639333913", "building": "hotel", "building:colour": "#404040", "height": "20"}, "geometry": {"type": "Polygon", "coordinates": [[[126.9621168, 37.5320966], [126.9620644, 37.5321062], [126.9620381, 37.5320148], [126.9620788, 37.5320075], [126.9620532, 37.5319181], [126.9620125, 37.5319255], [126.961988, 37.5318405], [126.962766, 37.5317012], [126.9628501, 37.5319967], [126.9621255, 37.5321272], [126.9621168, 37.5320966]]]}}, {"type": "Feature", "properties": {"@id": "way/642632602", "addr:city": "\uc11c\uc6b8\ud2b9\ubcc4\uc2dc", "addr:district": "\uc6a9\uc0b0\uad6c", "addr:housenumber": "129", "addr:postcode": "04363", "addr:street": "\uc6d0\ud6a8\ub85c", "addr:subdistrict": "\uc6d0\ud6a8\ub85c3\uac00", "building": "yes", "building:levels": "6", "height": "18", "name": "\uae08\uc131\uc544\ud30c\ud2b8"}, "geometry": {"type": "Polygon", "coordinates": [[[126.9573591, 37.5338374], [126.9574281, 37.5337597], [126.9577088, 37.5339219], [126.957583, 37.5340466], [126.9574831, 37.5339842], [126.9573591, 37.5338374]]]}}, {"type": "Feature", "properties": {"@id": "way/643645502", "addr:city": "\uc11c\uc6b8\ud2b9\ubcc4\uc2dc", "addr:district": "\uc6a9\uc0b0\uad6c", "addr:housenumber": "9", "addr:postcode": "04371", "addr:street": "\uccad\ud30c\ub85c20\uae38", "addr:subdistrict": "\ud55c\uac15\ub85c2\uac00", "building": "yes", "building:levels": "15", "height": "59", "name": "\uc6a9\uc0b0\uc544\uc774\ud53c\uc544 \ub300\uc8fc\ud30c\ud06c\ube4c", "start_date": "2007"}, "geometry": {"type": "Polygon", "coordinates": [[[126.9671427, 37.533509], [126.9671489, 37.5334827], [126.9670491, 37.5334668], [126.9670768, 37.5333571], [126.9671761, 37.5333728], [126.967202, 37.5332866], [126.9671166, 37.5332361], [126.9672367, 37.5331084], [126.9673221, 37.5331588], [126.9676909, 37.533391], [126.9677849, 37.5334056], [126.96777, 37.5334658], [126.9679407, 37.5334928], [126.9679332, 37.5335227], [126.9680107, 37.533534], [126.9679965, 37.5335946], [126.9679184, 37.5335832], [126.9679132, 37.5336038], [126.9677426, 37.5335767], [126.9677378, 37.5335971], [126.9674067, 37.5335483], [126.967306, 37.5335334], [126.9671427, 37.533509]]]}}, {"type": "Feature", "properties": {"@id": "way/664801950", "amenity": "parking", "building": "parking", "fee": "yes", "operator": "\ub18d\ud611", "parking": "multi-storey"}, "geometry": {"type": "Polygon", "coordinates": [[[126.9641113, 37.5332564], [126.9643671, 37.5332857], [126.9644425, 37.5329705], [126.9641899, 37.5329388], [126.9641113, 37.5332564]]]}}, {"type": "Feature", "properties": {"@id": "way/670556360", "building": "hospital", "name": "US Army Garrison Yongsan Hospital", "name:en": "US Army Garrison Yongsan Hospital"}, "geometry": {"type": "Polygon", "coordinates": [[[126.9709662, 37.5255287], [126.9715746, 37.5257992], [126.971374, 37.5260828], [126.9719497, 37.526339], [126.9719075, 37.5263985], [126.9724553, 37.5266432], [126.9726354, 37.5263897], [126.9724283, 37.5262971], [126.9725992, 37.5260567], [126.9723811, 37.5259592], [126.9725593, 37.5257086], [126.9726184, 37.5257545], [126.9728222, 37.5255895], [126.972943, 37.525644], [126.97302, 37.5255343], [126.9729026, 37.5254831], [126.9729509, 37.5252279], [126.9731314, 37.5249711], [126.9724253, 37.5246588], [126.9719405, 37.5253483], [126.971344, 37.5250845], [126.9712296, 37.5252471], [126.971776, 37.5254891], [126.9717113, 37.5255808], [126.9711161, 37.5253165], [126.9709662, 37.5255287]]]}}, {"type": "Feature", "properties": {"@id": "way/677353941", "building": "house"}, "geometry": {"type": "Polygon", "coordinates": [[[126.9718317, 37.5270194], [126.9718843, 37.5269083], [126.9721167, 37.5269775], [126.9721012, 37.5270104], [126.9721174, 37.5270152], [126.9721235, 37.5270087], [126.9721472, 37.5270158], [126.9721348, 37.527042], [126.9721279, 37.5270399], [126.972103, 37.5270325], [126.9720608, 37.5271216], [126.9719689, 37.5270942], [126.9719925, 37.5270442], [126.9719633, 37.5270355], [126.9719537, 37.5270557], [126.9718513, 37.5270252], [126.9718317, 37.5270194]]]}}, {"type": "Feature", "properties": {"@id": "way/677353945", "building": "house"}, "geometry": {"type": "Polygon", "coordinates": [[[126.9713582, 37.5267514], [126.9713464, 37.5267656], [126.9712693, 37.5267254], [126.9713585, 37.5266179], [126.9714404, 37.5266607], [126.9714263, 37.5266706], [126.9715843, 37.5267524], [126.9715984, 37.5267353], [126.9717088, 37.5267925], [126.9716179, 37.5269028], [126.9715599, 37.5268727], [126.9715693, 37.5268613], [126.9713582, 37.5267514]]]}}, {"type": "Feature", "properties": {"@id": "way/677353946", "building": "house"}, "geometry": {"type": "Polygon", "coordinates": [[[126.9709565, 37.5267172], [126.9709929, 37.5265654], [126.9712129, 37.5265986], [126.9711835, 37.5267213], [126.9710574, 37.5267023], [126.9710505, 37.5267314], [126.9709565, 37.5267172]]]}}, {"type": "Feature", "properties": {"@id": "way/677353947", "building": "house"}, "geometry": {"type": "Polygon", "coordinates": [[[126.970592, 37.5266338], [126.9706255, 37.5265033], [126.9708477, 37.5265392], [126.9708141, 37.5266697], [126.970592, 37.5266338]]]}}, {"type": "Feature", "properties": {"@id": "way/677353952", "building": "house"}, "geometry": {"type": "Polygon", "coordinates": [[[126.9691728, 37.5268774], [126.9691824, 37.5268637], [126.9691458, 37.5268475], [126.9691893, 37.5267859], [126.969229, 37.5268034], [126.969236, 37.5267934], [126.9692034, 37.526779], [126.9692637, 37.5266935], [126.9693008, 37.52671], [126.9693489, 37.5266418], [126.9694604, 37.5266912], [126.9692921, 37.5269302], [126.9691728, 37.5268774]]]}}, {"type": "Feature", "properties": {"@id": "way/677353953", "building": "house"}, "geometry": {"type": "Polygon", "coordinates": [[[126.9692855, 37.5270351], [126.9693418, 37.5269554], [126.9694387, 37.5269984], [126.96943, 37.5270107], [126.9695948, 37.5270839], [126.9696071, 37.5270666], [126.9696955, 37.5271059], [126.9696187, 37.5272144], [126.9695256, 37.5271729], [126.9695376, 37.527156], [126.9695158, 37.5271463], [126.969506, 37.52716], [126.9693615, 37.5270955], [126.9693734, 37.5270786], [126.969362, 37.5270735], [126.9693459, 37.5270873], [126.9692914, 37.5270632], [126.9693051, 37.5270438], [126.9692855, 37.5270351]]]}}, {"type": "Feature", "properties": {"@id": "way/677353955", "building": "house"}, "geometry": {"type": "Polygon", "coordinates": [[[126.9695671, 37.5266523], [126.9696664, 37.5265336], [126.9700286, 37.5267241], [126.9698989, 37.5268792], [126.9697823, 37.5268179], [126.9697996, 37.5267972], [126.9697891, 37.5267917], [126.9697686, 37.5268167], [126.9696443, 37.5267524], [126.9696643, 37.526728], [126.9696603, 37.5267259], [126.9696412, 37.5267497], [126.9695494, 37.5267034], [126.9695792, 37.5266662], [126.9695671, 37.5266523]]]}}, {"type": "Feature", "properties": {"@id": "way/677353956", "building": "house"}, "geometry": {"type": "Polygon", "coordinates": [[[126.9700008, 37.5268967], [126.9700702, 37.5268057], [126.970413, 37.5269702], [126.9703425, 37.5270627], [126.9702657, 37.5270259], [126.9702768, 37.5270114], [126.970119, 37.5269357], [126.9701091, 37.5269486], [126.9700008, 37.5268967]]]}}, {"type": "Feature", "properties": {"@id": "way/677353957", "building": "house"}, "geometry": {"type": "Polygon", "coordinates": [[[126.9695905, 37.5274389], [126.9696196, 37.5273994], [126.9695948, 37.5273879], [126.969703, 37.5272409], [126.9697297, 37.5272533], [126.9697459, 37.5272313], [126.9697124, 37.5272158], [126.9697562, 37.5271563], [126.969779, 37.5271668], [126.969791, 37.5271506], [126.9698455, 37.5271759], [126.9698268, 37.5272013], [126.9698815, 37.5272266], [126.9696909, 37.5274854], [126.9695905, 37.5274389]]]}}, {"type": "Feature", "properties": {"@id": "way/677353958", "building": "house"}, "geometry": {"type": "Polygon", "coordinates": [[[126.9695147, 37.5275236], [126.9696282, 37.5275771], [126.9694953, 37.5277544], [126.9693818, 37.5277009], [126.9695147, 37.5275236]]]}}, {"type": "Feature", "properties": {"@id": "way/677353959", "building": "house"}, "geometry": {"type": "Polygon", "coordinates": [[[126.9693074, 37.5278011], [126.9694262, 37.5277571], [126.9695316, 37.5279362], [126.9694128, 37.5279802], [126.9693074, 37.5278011]]]}}, {"type": "Feature", "properties": {"@id": "way/677353960", "building": "house"}, "geometry": {"type": "Polygon", "coordinates": [[[126.9704675, 37.5271113], [126.9705358, 37.5270158], [126.9705714, 37.5270319], [126.9705889, 37.527067], [126.9706317, 37.5270791], [126.9706441, 37.5270517], [126.9706513, 37.5270538], [126.9706427, 37.5270727], [126.9707275, 37.5270971], [126.9707166, 37.5271207], [126.9707605, 37.5271334], [126.9707708, 37.5271111], [126.9707726, 37.5271117], [126.970844, 37.5271435], [126.9707762, 37.5272391], [126.9707295, 37.5272182], [126.9707427, 37.5271997], [126.9705457, 37.5271112], [126.9705266, 37.5271379], [126.9704675, 37.5271113]]]}}, {"type": "Feature", "properties": {"@id": "way/677353961", "building": "house"}, "geometry": {"type": "Polygon", "coordinates": [[[126.9708672, 37.5272954], [126.9709122, 37.5272291], [126.9709518, 37.527246], [126.9709657, 37.5272254], [126.9709483, 37.5272106], [126.9710051, 37.5271268], [126.9710395, 37.5271415], [126.9710681, 37.5270993], [126.9710273, 37.5270819], [126.9710595, 37.5270344], [126.9711688, 37.527081], [126.9710267, 37.5272903], [126.9710507, 37.5273006], [126.9710122, 37.5273574], [126.9708672, 37.5272954]]]}}, {"type": "Feature", "properties": {"@id": "way/677353968", "building": "house"}, "geometry": {"type": "Polygon", "coordinates": [[[126.9697143, 37.5279931], [126.969767, 37.5279176], [126.9698543, 37.5279559], [126.9698499, 37.5279621], [126.9700566, 37.5280529], [126.9700599, 37.5280481], [126.9701927, 37.5281064], [126.9701357, 37.5281881], [126.970061, 37.5281553], [126.9700489, 37.5281725], [126.969772, 37.5280509], [126.9697893, 37.5280261], [126.9697143, 37.5279931]]]}}, {"type": "Feature", "properties": {"@id": "way/677353970", "building": "commercial"}, "geometry": {"type": "Polygon", "coordinates": [[[126.9699275, 37.5276581], [126.9701267, 37.5274019], [126.9703546, 37.5275134], [126.9701554, 37.5277695], [126.9699275, 37.5276581]]]}}, {"type": "Feature", "properties": {"@id": "way/677353971", "building": "house"}, "geometry": {"type": "Polygon", "coordinates": [[[126.9705815, 37.5283117], [126.970658, 37.5281989], [126.9708473, 37.5282797], [126.9708282, 37.528308], [126.9709226, 37.5283482], [126.9709379, 37.5283256], [126.9710793, 37.5283856], [126.971009, 37.5284897], [126.9709345, 37.5284581], [126.9709231, 37.528475], [126.9706881, 37.5283754], [126.9706952, 37.5283601], [126.9705815, 37.5283117]]]}}, {"type": "Feature", "properties": {"@id": "way/677353972", "building": "house"}, "geometry": {"type": "Polygon", "coordinates": [[[126.9709899, 37.5287147], [126.9710542, 37.5286186], [126.971031, 37.5286088], [126.9710921, 37.5285175], [126.9711155, 37.5285274], [126.9711233, 37.5285157], [126.9710971, 37.5285046], [126.9711228, 37.5284661], [126.9711544, 37.5284794], [126.9711639, 37.5284653], [126.9711456, 37.5284576], [126.9711601, 37.528436], [126.9712747, 37.5284842], [126.9712315, 37.5285486], [126.971204, 37.528537], [126.9711082, 37.5286802], [126.9711313, 37.5286899], [126.9710872, 37.5287557], [126.9709899, 37.5287147]]]}}, {"type": "Feature", "properties": {"@id": "way/677353974", "building": "house"}, "geometry": {"type": "Polygon", "coordinates": [[[126.9712888, 37.5291962], [126.9711902, 37.5290896], [126.9712209, 37.5290717], [126.9711805, 37.529028], [126.9712724, 37.5289746], [126.9713153, 37.529021], [126.9712766, 37.5290434], [126.9713799, 37.5291553], [126.9714391, 37.529121], [126.9714753, 37.5291601], [126.971409, 37.5291986], [126.9714303, 37.5292217], [126.9713901, 37.5292451], [126.9713253, 37.5291749], [126.9712888, 37.5291962]]]}}, {"type": "Feature", "properties": {"@id": "way/677353975", "building": "house"}, "geometry": {"type": "Polygon", "coordinates": [[[126.9715148, 37.5290911], [126.9714438, 37.5289987], [126.9715292, 37.5289574], [126.9715448, 37.5289777], [126.9717162, 37.5288948], [126.9717019, 37.5288762], [126.9717808, 37.5288381], [126.9718313, 37.5289037], [126.9717477, 37.5289441], [126.9717789, 37.5289846], [126.9716114, 37.5290656], [126.9715995, 37.5290501], [126.9715148, 37.5290911]]]}}, {"type": "Feature", "properties": {"@id": "way/677353976", "building": "house"}, "geometry": {"type": "Polygon", "coordinates": [[[126.9719431, 37.5288447], [126.9719043, 37.5287765], [126.9719328, 37.5287663], [126.9718714, 37.5286586], [126.9718388, 37.5286703], [126.9717887, 37.5285825], [126.9719553, 37.5285228], [126.972007, 37.5286135], [126.9719857, 37.5286211], [126.9720346, 37.5287104], [126.9720151, 37.5287195], [126.9720218, 37.5287311], [126.9720484, 37.5287216], [126.9720888, 37.5287925], [126.9719431, 37.5288447]]]}}, {"type": "Feature", "properties": {"@id": "way/677353985", "building": "house"}, "geometry": {"type": "Polygon", "coordinates": [[[126.9708323, 37.5280706], [126.9708758, 37.5279874], [126.970946, 37.5280127], [126.9709587, 37.5279883], [126.9710101, 37.5280059], [126.9709856, 37.5280491], [126.9712263, 37.528132], [126.9711852, 37.528207], [126.9711335, 37.5281891], [126.9711463, 37.5281658], [126.9709155, 37.5280862], [126.9708994, 37.5281156], [126.9708483, 37.5280979], [126.9708584, 37.5280796], [126.9708323, 37.5280706]]]}}, {"type": "Feature", "properties": {"@id": "way/677353988", "building": "house"}, "geometry": {"type": "Polygon", "coordinates": [[[126.9709176, 37.5279296], [126.9709857, 37.5278064], [126.9710856, 37.5278412], [126.9710752, 37.5278599], [126.9712426, 37.5279181], [126.9712558, 37.5278942], [126.9713419, 37.5279241], [126.9712667, 37.5280602], [126.9711813, 37.5280305], [126.9712004, 37.5279958], [126.9711626, 37.5279827], [126.9711502, 37.5280051], [126.9710542, 37.5279717], [126.9710672, 37.5279482], [126.9710291, 37.527935], [126.9710137, 37.5279629], [126.9709176, 37.5279296]]]}}, {"type": "Feature", "properties": {"@id": "way/677353989", "building": "house"}, "geometry": {"type": "Polygon", "coordinates": [[[126.9712274, 37.5278222], [126.971188, 37.5277125], [126.971228, 37.5277035], [126.9712176, 37.5276745], [126.9715028, 37.5276101], [126.9715122, 37.5276363], [126.9715538, 37.5276269], [126.9715834, 37.5277094], [126.9715299, 37.5277215], [126.9715239, 37.5277047], [126.9713193, 37.5277509], [126.9713361, 37.5277977], [126.9712274, 37.5278222]]]}}, {"type": "Feature", "properties": {"@id": "way/677353990", "building": "house"}, "geometry": {"type": "Polygon", "coordinates": [[[126.9714459, 37.5282487], [126.9714826, 37.5281781], [126.9715045, 37.5281853], [126.9715665, 37.5280661], [126.9715502, 37.528055], [126.9716012, 37.5279571], [126.9717535, 37.528007], [126.9716134, 37.5282758], [126.9715851, 37.5282665], [126.9715727, 37.5282902], [126.9714459, 37.5282487]]]}}, {"type": "Feature", "properties": {"@id": "way/677353991", "building": "house"}, "geometry": {"type": "Polygon", "coordinates": [[[126.9719198, 37.5281475], [126.9719796, 37.5280917], [126.9720038, 37.528108], [126.9720189, 37.5280939], [126.9719956, 37.5280782], [126.9720726, 37.5280065], [126.9721004, 37.5280252], [126.9721211, 37.5280059], [126.9721188, 37.5279735], [126.9721542, 37.5279379], [126.9722611, 37.5280049], [126.9721153, 37.5281513], [126.9721258, 37.528167], [126.9720514, 37.5282363], [126.9719198, 37.5281475]]]}}, {"type": "Feature", "properties": {"@id": "way/677655622", "building": "yes"}, "geometry": {"type": "Polygon", "coordinates": [[[126.970671, 37.5258166], [126.970621, 37.5256898], [126.9707893, 37.525648], [126.9708393, 37.5257748], [126.970671, 37.5258166]]]}}, {"type": "Feature", "properties": {"@id": "way/677655623", "building": "yes"}, "geometry": {"type": "Polygon", "coordinates": [[[126.9706925, 37.5258234], [126.9708431, 37.5257844], [126.9708834, 37.5258826], [126.9707328, 37.5259215], [126.9706925, 37.5258234]]]}}, {"type": "Feature", "properties": {"@id": "way/677655624", "building": "yes"}, "geometry": {"type": "Polygon", "coordinates": [[[126.9710377, 37.5257161], [126.971087, 37.5256464], [126.971246, 37.5257171], [126.9711967, 37.5257868], [126.9710377, 37.5257161]]]}}, {"type": "Feature", "properties": {"@id": "way/677655625", "building": "yes"}, "geometry": {"type": "Polygon", "coordinates": [[[126.9711494, 37.5259255], [126.9713039, 37.5257174], [126.9714235, 37.5257732], [126.9713612, 37.5258571], [126.9714345, 37.5258913], [126.9713994, 37.5259386], [126.9713304, 37.5259063], [126.9712732, 37.5259833], [126.9711494, 37.5259255]]]}}, {"type": "Feature", "properties": {"@id": "way/677655626", "building": "yes"}, "geometry": {"type": "Polygon", "coordinates": [[[126.971665, 37.5250978], [126.9717852, 37.5249368], [126.9718959, 37.5249888], [126.9717888, 37.5251322], [126.9717662, 37.5251216], [126.9717764, 37.5251078], [126.9717612, 37.5251007], [126.9717378, 37.525132], [126.971665, 37.5250978]]]}}, {"type": "Feature", "properties": {"@id": "way/677655708", "building": "house"}, "geometry": {"type": "Polygon", "coordinates": [[[126.9708894, 37.5263914], [126.9709112, 37.5262531], [126.9706376, 37.5262261], [126.9706158, 37.5263644], [126.9708894, 37.5263914]]]}}, {"type": "Feature", "properties": {"@id": "way/677655709", "building": "yes", "man_made": "storage_tank"}, "geometry": {"type": "Polygon", "coordinates": [[[126.9708542, 37.5260061], [126.9708843, 37.5259816], [126.9709524, 37.5260342], [126.9709223, 37.5260587], [126.9708542, 37.5260061]]]}}, {"type": "Feature", "properties": {"@id": "way/677655710", "building": "yes", "man_made": "storage_tank"}, "geometry": {"type": "Polygon", "coordinates": [[[126.9714009, 37.5262377], [126.9714193, 37.5262157], [126.971483, 37.5262491], [126.9714646, 37.5262712], [126.9714009, 37.5262377]]]}}, {"type": "Feature", "properties": {"@id": "way/677655711", "building": "yes", "man_made": "storage_tank"}, "geometry": {"type": "Polygon", "coordinates": [[[126.9714873, 37.5262839], [126.971507, 37.5262615], [126.9715704, 37.5262967], [126.9715507, 37.5263191], [126.9714873, 37.5262839]]]}}, {"type": "Feature", "properties": {"@id": "way/682851255", "brand": "Audi", "brand:wikidata": "Q23317", "building": "yes", "name": "\ud0dc\uc548\ubaa8\ud130\uc2a4 \uc544\uc6b0\ub514 \ud55c\uac15\ub300\ub85c\uc804\uc2dc\uc7a5", "shop": "car"}, "geometry": {"type": "Polygon", "coordinates": [[[126.9645968, 37.5265855], [126.9649205, 37.5264064], [126.9648435, 37.526319], [126.9645199, 37.5264981], [126.9645968, 37.5265855]]]}}, {"type": "Feature", "properties": {"@id": "way/724045600", "addr:city": "\uc11c\uc6b8\ud2b9\ubcc4\uc2dc", "addr:district": "\uc6a9\uc0b0\uad6c", "addr:housenumber": "46", "addr:postcode": "04383", "addr:street": "\ud55c\uac15\ub300\ub85c40\uae38", "addr:subdistrict": "\uc6a9\uc0b0\ub3d95\uac00", "amenity": "place_of_worship", "building": "yes", "denomination": "roman_catholic", "name": "\uad6d\uad70\uc911\uc559\uc131\ub2f9", "religion": "christian", "website": "http://www.gunjong.or.kr", "wikidata": "Q562970", "wikipedia": "ko:\ucc9c\uc8fc\uad50 \uad70\uc885\uad50\uad6c"}, "geometry": {"type": "Polygon", "coordinates": [[[126.9715409, 37.5295682], [126.9716069, 37.529581], [126.9716439, 37.5296277], [126.971699, 37.5296003], [126.9717585, 37.529613], [126.971776, 37.5295612], [126.9718291, 37.5295312], [126.9717932, 37.5294913], [126.971813, 37.5294586], [126.9717484, 37.5294339], [126.9717117, 37.5293903], [126.9716631, 37.529416], [126.9716039, 37.5293994], [126.9715839, 37.5294443], [126.9715297, 37.5294781], [126.9715594, 37.529508], [126.9715409, 37.5295682]]]}}, {"type": "Feature", "properties": {"@id": "way/839911933", "addr:city": "\uc11c\uc6b8\ud2b9\ubcc4\uc2dc", "addr:district": "\uc6a9\uc0b0\uad6c", "addr:housenumber": "26", "addr:postcode": "04389", "addr:street": "\ud55c\uac15\ub300\ub85c", "addr:subdistrict": "\ud55c\uac15\ub85c3\uac00", "building": "apartments", "building:flats": "123", "building:levels": "30", "height": "100", "name": "\ud55c\uac15\ud2b8\ub7fc\ud504\uc6d4\ub4dc 3", "start_date": "2004"}, "geometry": {"type": "Polygon", "coordinates": [[[126.962738, 37.5231146], [126.9625979, 37.5230627], [126.9626472, 37.5230047], [126.9625791, 37.522854], [126.9625612, 37.522819], [126.9625605, 37.522785], [126.9625979, 37.5227701], [126.9626539, 37.5227924], [126.962766, 37.5227479], [126.9627796, 37.5227156], [126.9628092, 37.5227037], [126.9628523, 37.5227221], [126.9629248, 37.5229049], [126.9630742, 37.5229516], [126.9631322, 37.5229299], [126.9631536, 37.5229664], [126.9630742, 37.5231183], [126.9629061, 37.5230664], [126.9629341, 37.5230183], [126.9628641, 37.522985], [126.962738, 37.5231146]]]}}, {"type": "Feature", "properties": {"@id": "way/839911934", "building": "apartments", "building:flats": "261", "building:levels": "30", "height": "100", "name": "\ud55c\uac15\ud2b8\ub7fc\ud504\uc6d4\ub4dc 3", "start_date": "2004"}, "geometry": {"type": "Polygon", "coordinates": [[[126.9629025, 37.5235035], [126.9630462, 37.5235489], [126.9630702, 37.5235849], [126.9630993, 37.5235727], [126.9631187, 37.523602], [126.9631848, 37.5235743], [126.9632804, 37.5233648], [126.96324, 37.5233628], [126.963221, 37.5233274], [126.963188, 37.5233385], [126.9631723, 37.5233095], [126.9631478, 37.5233268], [126.9630126, 37.5232841], [126.9629025, 37.5235035]]]}}, {"type": "Feature", "properties": {"@id": "way/854197977", "building": "apartments", "building:flats": "230", "building:levels": "43", "height": "149", "name": "104", "start_date": "2020"}, "geometry": {"type": "Polygon", "coordinates": [[[126.9679439, 37.5260211], [126.9679419, 37.5260747], [126.9679124, 37.526074], [126.9679108, 37.5261173], [126.9679488, 37.5261398], [126.9679731, 37.5261139], [126.9680832, 37.5261791], [126.9679806, 37.5262882], [126.9679794, 37.5263702], [126.9678633, 37.5263691], [126.9678635, 37.5263543], [126.9677092, 37.5263528], [126.9677089, 37.5263698], [126.9675848, 37.5263687], [126.9675864, 37.5262614], [126.9675061, 37.526157], [126.9676256, 37.5260992], [126.9676441, 37.5261234], [126.9676823, 37.5261049], [126.9676838, 37.5260667], [126.9676598, 37.5260662], [126.9676617, 37.5260145], [126.9679439, 37.5260211]]]}}, {"type": "Feature", "properties": {"@id": "way/854197978", "building": "apartments", "building:flats": "230", "building:levels": "43", "height": "149", "name": "103", "start_date": "2020"}, "geometry": {"type": "Polygon", "coordinates": [[[126.9686162, 37.5256562], [126.9686142, 37.5257097], [126.9685847, 37.525709], [126.9685831, 37.5257524], [126.9686211, 37.5257748], [126.9686454, 37.525749], [126.9687555, 37.5258141], [126.9686529, 37.5259233], [126.9686517, 37.5260053], [126.9685356, 37.5260042], [126.9685358, 37.5259893], [126.9683815, 37.5259879], [126.9683813, 37.5260049], [126.9682571, 37.5260037], [126.9682587, 37.5258964], [126.9681784, 37.525792], [126.9682979, 37.5257343], [126.9683165, 37.5257584], [126.9683546, 37.5257399], [126.9683561, 37.5257018], [126.9683321, 37.5257012], [126.9683341, 37.5256495], [126.9686162, 37.5256562]]]}}, {"type": "Feature", "properties": {"@id": "way/854197979", "building": "apartments", "building:flats": "206", "building:levels": "39", "height": "137", "name": "102", "start_date": "2020"}, "geometry": {"type": "Polygon", "coordinates": [[[126.9681219, 37.5251895], [126.9681199, 37.5252431], [126.9680905, 37.5252424], [126.9680888, 37.5252857], [126.9681269, 37.5253082], [126.9681512, 37.5252823], [126.9682613, 37.5253475], [126.9681587, 37.5254566], [126.9681574, 37.5255386], [126.9680413, 37.5255375], [126.9680415, 37.5255226], [126.9678872, 37.5255212], [126.967887, 37.5255382], [126.9677629, 37.5255371], [126.9677644, 37.5254297], [126.9676842, 37.5253254], [126.9678036, 37.5252676], [126.9678222, 37.5252917], [126.9678604, 37.5252733], [126.9678618, 37.5252351], [126.9678379, 37.5252346], [126.9678398, 37.5251828], [126.9681219, 37.5251895]]]}}, {"type": "Feature", "properties": {"@id": "way/854197980", "building": "apartments", "building:flats": "206", "building:levels": "39", "height": "137", "name": "101", "start_date": "2020"}, "geometry": {"type": "Polygon", "coordinates": [[[126.9674496, 37.5255545], [126.9674476, 37.525608], [126.9674181, 37.5256073], [126.9674165, 37.5256506], [126.9674545, 37.5256731], [126.9674788, 37.5256473], [126.967589, 37.5257124], [126.9674863, 37.5258216], [126.9674851, 37.5259035], [126.967369, 37.5259025], [126.9673692, 37.5258876], [126.9672149, 37.5258862], [126.9672147, 37.5259031], [126.9670906, 37.525902], [126.9670921, 37.5257947], [126.9670119, 37.5256903], [126.9671313, 37.5256325], [126.9671499, 37.5256567], [126.9671881, 37.5256382], [126.9671895, 37.5256001], [126.9671655, 37.5255995], [126.9671675, 37.5255478], [126.9674496, 37.5255545]]]}}, {"type": "Feature", "properties": {"@id": "way/854197981", "building": "apartments", "building:flats": "268", "building:levels": "32", "height": "112", "name": "105", "start_date": "2020"}, "geometry": {"type": "Polygon", "coordinates": [[[126.9673776, 37.5263747], [126.9673756, 37.5264283], [126.9673461, 37.5264276], [126.9673445, 37.5264709], [126.9673826, 37.5264934], [126.9674069, 37.5264675], [126.967517, 37.5265327], [126.9674144, 37.5266418], [126.9674131, 37.5267238], [126.967297, 37.5267227], [126.9672972, 37.5267079], [126.9671429, 37.5267064], [126.9671427, 37.5267234], [126.9670186, 37.5267223], [126.9670201, 37.526615], [126.9669399, 37.5265106], [126.9670593, 37.5264528], [126.9670779, 37.526477], [126.9671161, 37.5264585], [126.9671175, 37.5264203], [126.9670936, 37.5264198], [126.9670955, 37.5263681], [126.9673776, 37.5263747]]]}}, {"type": "Feature", "properties": {"@id": "way/854197983", "amenity": "place_of_worship", "building": "yes"}, "geometry": {"type": "Polygon", "coordinates": [[[126.9667744, 37.5264279], [126.9666464, 37.5261984], [126.9669779, 37.526008], [126.9671604, 37.526212], [126.9667744, 37.5264279]]]}}, {"type": "Feature", "properties": {"@id": "way/854197984", "building": "commercial", "building:levels": "33", "height": "150", "start_date": "2020"}, "geometry": {"type": "Polygon", "coordinates": [[[126.9664682, 37.5271998], [126.9667548, 37.5270442], [126.96672, 37.5267279], [126.966598, 37.5265935], [126.9663282, 37.5267476], [126.9663519, 37.5270651], [126.9664682, 37.5271998]]]}}, {"type": "Feature", "properties": {"@id": "way/854197985", "building": "public"}, "geometry": {"type": "Polygon", "coordinates": [[[126.9666877, 37.5264534], [126.9664841, 37.5261623], [126.9664079, 37.526164], [126.9662949, 37.5265915], [126.966342, 37.526658], [126.9666877, 37.5264534]]]}}, {"type": "Feature", "properties": {"@id": "way/854222055", "building": "school", "name": "\ud611\ub3d92\uad00"}, "geometry": {"type": "Polygon", "coordinates": [[[126.9667939, 37.5245924], [126.9664874, 37.524259], [126.9666755, 37.5241502], [126.9669548, 37.5244539], [126.9668978, 37.5244869], [126.9669251, 37.5245166], [126.9667939, 37.5245924]]]}}, {"type": "Feature", "properties": {"@id": "way/854222056", "building": "school"}, "geometry": {"type": "Polygon", "coordinates": [[[126.9671532, 37.5248322], [126.9672927, 37.5247525], [126.9672566, 37.52471], [126.9671154, 37.5247906], [126.9671532, 37.5248322]]]}}, {"type": "Feature", "properties": {"@id": "way/854222059", "building": "commercial", "building:levels": "19", "height": "100", "name": "\uc6a9\uc0b0\ud2b8\ub808\uc774\ub4dc\uc13c\ud130", "name:en": "Yongsan Trade Center", "name:ja": "\u9f8d\u5c71\u30c8\u30ec\u30fc\u30c9\u30bb\u30f3\u30bf\u30fc", "start_date": "2019"}, "geometry": {"type": "Polygon", "coordinates": [[[126.9643924, 37.5249812], [126.9645388, 37.5248979], [126.9644506, 37.5248005], [126.9646615, 37.5246804], [126.9641582, 37.5241245], [126.9639996, 37.5242148], [126.96406, 37.5242816], [126.9640238, 37.5243023], [126.9639627, 37.5242348], [126.9637543, 37.5243535], [126.9637979, 37.5244016], [126.9637461, 37.5244311], [126.9637942, 37.5244842], [126.9639142, 37.5244158], [126.9639615, 37.5244681], [126.963852, 37.5245304], [126.9641291, 37.5248367], [126.9642166, 37.524787], [126.9643924, 37.5249812]]]}}, {"type": "Feature", "properties": {"@id": "way/854222062", "building": "apartments", "building:flats": "49", "building:levels": "13", "height": "37", "name": "102", "start_date": "2003"}, "geometry": {"type": "Polygon", "coordinates": [[[126.9637598, 37.5234332], [126.9637827, 37.5232757], [126.9637394, 37.5232717], [126.9637481, 37.5232114], [126.964074, 37.5232411], [126.9640647, 37.5233051], [126.9640229, 37.5233013], [126.9640005, 37.5234553], [126.9637598, 37.5234332]]]}}, {"type": "Feature", "properties": {"@id": "way/854222063", "building": "apartments", "building:flats": "49", "building:levels": "13", "height": "37", "name": "101", "start_date": "2003"}, "geometry": {"type": "Polygon", "coordinates": [[[126.9639907, 37.5237001], [126.9640136, 37.5235425], [126.9639703, 37.5235386], [126.9639791, 37.5234782], [126.9643049, 37.523508], [126.9642957, 37.5235719], [126.9642538, 37.5235681], [126.9642314, 37.5237221], [126.9639907, 37.5237001]]]}}, {"type": "Feature", "properties": {"@id": "way/854222066", "addr:city": "\uc11c\uc6b8\ud2b9\ubcc4\uc2dc", "addr:district": "\uc6a9\uc0b0\uad6c", "addr:housenumber": "115", "addr:postcode": "04376", "addr:street": "\ud55c\uac15\ub300\ub85c", "addr:subdistrict": "\ud55c\uac15\ub85c2\uac00", "building": "commercial", "building:flats": "187", "building:levels": "19", "height": "67.2", "name": "\ub300\uc6b0\ub514\uc624\ube4c\ud55c\uac15\ub85c\uc624\ud53c\uc2a4\ud154", "start_date": "2004"}, "geometry": {"type": "Polygon", "coordinates": [[[126.9686198, 37.5303115], [126.9685296, 37.530366], [126.9685014, 37.5303366], [126.9684168, 37.5303878], [126.9682188, 37.5301817], [126.9683935, 37.5300761], [126.9686198, 37.5303115]]]}}, {"type": "Feature", "properties": {"@id": "way/854222067", "addr:city": "\uc11c\uc6b8\ud2b9\ubcc4\uc2dc", "addr:district": "\uc6a9\uc0b0\uad6c", "addr:housenumber": "217", "addr:postcode": "04376", "addr:street": "\uc0c8\ucc3d\ub85c", "addr:subdistrict": "\ud55c\uac15\ub85c2\uac00", "building": "commercial", "building:levels": "15", "height": "54.1", "name": "\uc6a9\uc0b0\ud1a0\ud22c\ubc38\ub9ac", "start_date": "2006"}, "geometry": {"type": "Polygon", "coordinates": [[[126.9679899, 37.5303618], [126.9679459, 37.5303179], [126.9678632, 37.53037], [126.9678393, 37.5303461], [126.967817, 37.5303601], [126.96779, 37.5303331], [126.967704, 37.5303873], [126.9675801, 37.5302636], [126.9675966, 37.5301869], [126.9678578, 37.5300225], [126.9681172, 37.5302816], [126.9679899, 37.5303618]]]}}, {"type": "Feature", "properties": {"@id": "way/854222068", "addr:city": "\uc11c\uc6b8\ud2b9\ubcc4\uc2dc", "addr:district": "\uc6a9\uc0b0\uad6c", "addr:housenumber": "213-12", "addr:postcode": "04376", "addr:street": "\uc0c8\ucc3d\ub85c", "addr:subdistrict": "\ud55c\uac15\ub85c2\uac00", "building": "commercial", "building:flats": "208", "building:levels": "15", "height": "59.4", "name": "\ud55c\uac15\ud604\ub300\ud558\uc774\uc5d8", "start_date": "2005"}, "geometry": {"type": "Polygon", "coordinates": [[[126.9680852, 37.5307205], [126.967851, 37.5304777], [126.9680734, 37.5303428], [126.9681342, 37.530406], [126.9681708, 37.5303838], [126.9682914, 37.5305089], [126.9682462, 37.5305363], [126.9682989, 37.530591], [126.9680852, 37.5307205]]]}}, {"type": "Feature", "properties": {"@id": "way/854222070", "building": "public"}, "geometry": {"type": "Polygon", "coordinates": [[[126.9685026, 37.5233701], [126.9686498, 37.5232822], [126.9686198, 37.5232505], [126.9687, 37.5232026], [126.9687351, 37.5232396], [126.9689463, 37.5231135], [126.9690365, 37.5232084], [126.9688246, 37.523335], [126.9688435, 37.5233549], [126.9688657, 37.5233417], [126.9689063, 37.5233845], [126.9687454, 37.5234806], [126.9686949, 37.5234274], [126.9686069, 37.5234799], [126.9685026, 37.5233701]]]}}, {"type": "Feature", "properties": {"@id": "way/854222071", "building": "public"}, "geometry": {"type": "Polygon", "coordinates": [[[126.9691237, 37.5232738], [126.9689727, 37.5231149], [126.9691579, 37.5230042], [126.9693089, 37.5231632], [126.9691237, 37.5232738]]]}}, {"type": "Feature", "properties": {"@id": "way/854222072", "building": "public"}, "geometry": {"type": "Polygon", "coordinates": [[[126.9684818, 37.5233734], [126.9683909, 37.5234288], [126.9685608, 37.5236041], [126.9686518, 37.5235486], [126.9684818, 37.5233734]]]}}, {"type": "Feature", "properties": {"@id": "way/854226783", "building": "commercial", "name": "\ucf54\ub9ac\uc544\ud558\uc6b0\uc2a4"}, "geometry": {"type": "Polygon", "coordinates": [[[126.9642387, 37.5268068], [126.9645423, 37.5266364], [126.9644126, 37.526491], [126.9641089, 37.5266615], [126.9642387, 37.5268068]]]}}, {"type": "Feature", "properties": {"@id": "way/854226784", "building": "yes", "height": "10"}, "geometry": {"type": "Polygon", "coordinates": [[[126.9631342, 37.5274647], [126.9626969, 37.526998], [126.9628488, 37.5269043], [126.963279, 37.5273815], [126.9631342, 37.5274647]]]}}, {"type": "Feature", "properties": {"@id": "way/854226785", "building": "yes", "height": "7.7", "name": "\ucca0\ub178\uc11c\uc6b8\uc9c0\ubd80\uc2e0\uc6a9\ud611\ub3d9\uc870\ud569"}, "geometry": {"type": "Polygon", "coordinates": [[[126.9624991, 37.5267443], [126.9625754, 37.5266931], [126.9626831, 37.526817], [126.9626139, 37.5268615], [126.9624991, 37.5267443]]]}}, {"type": "Feature", "properties": {"@id": "way/854226786", "building": "yes", "height": "4", "name": "\ucca0\ub3c4\ub178\ub3d9\uc870\ud569\uc11c\uc6b8\uc9c0\ubd80"}, "geometry": {"type": "Polygon", "coordinates": [[[126.9626139, 37.5268615], [126.9626879, 37.5269451], [126.9628293, 37.5268622], [126.9627822, 37.526812], [126.962716, 37.5268523], [126.9626831, 37.526817], [126.9626139, 37.5268615]]]}}, {"type": "Feature", "properties": {"@id": "way/854226787", "building": "commercial", "height": "15", "name": "\ud64d\uc775\ud68c\ube4c\ub529"}, "geometry": {"type": "Polygon", "coordinates": [[[126.9628199, 37.526698], [126.9630057, 37.5265978], [126.9631177, 37.5267233], [126.9630205, 37.5267843], [126.9629771, 37.5267393], [126.9628962, 37.5267866], [126.9628199, 37.526698]]]}}, {"type": "Feature", "properties": {"@id": "way/854226788", "building": "commercial", "height": "10"}, "geometry": {"type": "Polygon", "coordinates": [[[126.962873, 37.5266215], [126.9628096, 37.5265569], [126.9629169, 37.5264985], [126.9629747, 37.5265637], [126.962873, 37.5266215]]]}}, {"type": "Feature", "properties": {"@id": "way/854226789", "addr:city": "\uc11c\uc6b8\ud2b9\ubcc4\uc2dc", "addr:district": "\uc6a9\uc0b0\uad6c", "addr:housenumber": "57", "addr:postcode": "04379", "addr:street": "\ud55c\uac15\ub300\ub85c", "addr:subdistrict": "\ud55c\uac15\ub85c3\uac00", "building": "commercial"}, "geometry": {"type": "Polygon", "coordinates": [[[126.9647353, 37.5262224], [126.9646239, 37.5260971], [126.9645595, 37.5261331], [126.9646025, 37.5261816], [126.9645845, 37.5261917], [126.9646199, 37.5262314], [126.9646529, 37.5262685], [126.9647353, 37.5262224]]]}}, {"type": "Feature", "properties": {"@id": "way/854226790", "building": "commercial"}, "geometry": {"type": "Polygon", "coordinates": [[[126.9644346, 37.5263023], [126.96455, 37.52624], [126.9644911, 37.5261713], [126.9643757, 37.5262336], [126.9644346, 37.5263023]]]}}, {"type": "Feature", "properties": {"@id": "way/854226791", "building": "yes"}, "geometry": {"type": "Polygon", "coordinates": [[[126.9640359, 37.5264906], [126.9639019, 37.5265675], [126.9639623, 37.5266336], [126.9638985, 37.5266702], [126.9637895, 37.5265509], [126.9639873, 37.5264373], [126.9640359, 37.5264906]]]}}, {"type": "Feature", "properties": {"@id": "way/854226792", "addr:city": "\uc11c\uc6b8\ud2b9\ubcc4\uc2dc", "addr:district": "\uc6a9\uc0b0\uad6c", "addr:housenumber": "31", "addr:postcode": "04379", "addr:street": "\ud55c\uac15\ub300\ub85c", "addr:subdistrict": "\ud55c\uac15\ub85c3\uac00", "building": "commercial", "building:levels": "15", "building:levels:underground": "4", "height": "66", "name": "\uae08\uc601\ube4c\ub529", "name:en": "Kumyoung Building", "start_date": "1994"}, "geometry": {"type": "Polygon", "coordinates": [[[126.9628193, 37.5244726], [126.9627114, 37.5243468], [126.9627493, 37.5243249], [126.9626318, 37.5241973], [126.9627456, 37.5241315], [126.9629823, 37.5243859], [126.9628193, 37.5244726]]]}}, {"type": "Feature", "properties": {"@id": "way/854226793", "building": "yes", "building:levels": "9", "height": "40", "name": "\uad50\ubcf4\uc0dd\uba85", "start_date": "1997"}, "geometry": {"type": "Polygon", "coordinates": [[[126.9627057, 37.5246003], [126.963034, 37.5244027], [126.9631855, 37.5245618], [126.9628714, 37.5247481], [126.9627057, 37.5246003]]]}}, {"type": "Feature", "properties": {"@id": "way/854226794", "building": "commercial", "building:levels": "10", "height": "49", "start_date": "1995"}, "geometry": {"type": "Polygon", "coordinates": [[[126.9620594, 37.5239128], [126.9618483, 37.5236987], [126.9621567, 37.5234855], [126.962413, 37.5237527], [126.9620594, 37.5239128]]]}}, {"type": "Feature", "properties": {"@id": "way/854226795", "building": "apartments", "building:flats": "162", "building:levels": "20", "height": "90", "name": "\uc5d0\ud53c\uc18c\ub4dc\uc6a9\uc0b0241\uc624\ud53c\uc2a4\ud154", "start_date": "2024"}, "geometry": {"type": "Polygon", "coordinates": [[[126.9630575, 37.5250626], [126.9634728, 37.5248213], [126.9632455, 37.5245753], [126.9628303, 37.5248166], [126.9630575, 37.5250626]]]}}, {"type": "Feature", "properties": {"@id": "way/969952856", "addr:city": "\uc11c\uc6b8\ud2b9\ubcc4\uc2dc", "addr:district": "\uc6a9\uc0b0\uad6c", "addr:housenumber": "10-15", "addr:postcode": "04379", "addr:street": "\ud55c\uac15\ub300\ub85c7\uae38", "addr:subdistrict": "\ud55c\uac15\ub85c3\uac00", "building": "commercial", "building:levels": "3", "height": "10", "name": "Virnect"}, "geometry": {"type": "Polygon", "coordinates": [[[126.962549, 37.5250997], [126.9624738, 37.5250191], [126.9627461, 37.5248611], [126.9628254, 37.5249449], [126.962549, 37.5250997]]]}}, {"type": "Feature", "properties": {"@id": "way/1090769187", "addr:city": "\uc11c\uc6b8\ud2b9\ubcc4\uc2dc", "addr:district": "\uc6a9\uc0b0\uad6c", "addr:housenumber": "35-29", "addr:postcode": "04388", "addr:street": "\ud55c\uac15\ub300\ub85c14\uae38", "addr:subdistrict": "\ud55c\uac15\ub85c3\uac00", "building": "public"}, "geometry": {"type": "Polygon", "coordinates": [[[126.9655707, 37.5257109], [126.9655157, 37.5256514], [126.9653768, 37.5257322], [126.9654288, 37.5257885], [126.9654595, 37.5257706], [126.9655161, 37.5258317], [126.9655532, 37.5258101], [126.9656635, 37.5258051], [126.9658164, 37.5257164], [126.9657796, 37.5256765], [126.9660344, 37.5255287], [126.9660666, 37.5255636], [126.966254, 37.5254548], [126.9662271, 37.5254256], [126.9661771, 37.5254547], [126.9661191, 37.525392], [126.9655707, 37.5257109]]]}}, {"type": "Feature", "properties": {"@id": "way/1090769196", "building": "yes"}, "geometry": {"type": "Polygon", "coordinates": [[[126.9587427, 37.5320991], [126.9584222, 37.5320172], [126.9583559, 37.5321806], [126.9586764, 37.5322625], [126.9587427, 37.5320991]]]}}, {"type": "Feature", "properties": {"@id": "way/1090769197", "building": "yes"}, "geometry": {"type": "Polygon", "coordinates": [[[126.9589117, 37.5323373], [126.9590203, 37.532081], [126.9588141, 37.5320261], [126.9587055, 37.5322824], [126.9589117, 37.5323373]]]}}, {"type": "Feature", "properties": {"@id": "way/1095110622", "building": "yes", "height": "20.3"}, "geometry": {"type": "Polygon", "coordinates": [[[126.9594748, 37.5240086], [126.9596985, 37.5241471], [126.9597982, 37.5240508], [126.9595571, 37.5239206], [126.9594748, 37.5240086]]]}}, {"type": "Feature", "properties": {"@id": "way/1102290961", "building": "yes", "name": "\uc6a9\uc0b0\ubcc0\uc804\uc18c", "name:en": "Yongsan Substation", "name:ko": "\uc6a9\uc0b0\ubcc0\uc804\uc18c", "operator": "\ud55c\uad6d\uc804\ub825\uacf5\uc0ac", "operator:en": "Korea Electric Power Corporation", "operator:ko": "\ud55c\uad6d\uc804\ub825\uacf5\uc0ac", "operator:short": "KEPCO", "operator:wikidata": "Q486737", "power": "substation", "substation": "distribution", "voltage": "154000"}, "geometry": {"type": "Polygon", "coordinates": [[[126.9569331, 37.5313791], [126.9570496, 37.5312243], [126.9574445, 37.5314112], [126.9574121, 37.5314542], [126.9574858, 37.5314891], [126.9574018, 37.5316009], [126.9569331, 37.5313791]]]}}, {"type": "Feature", "properties": {"@id": "way/1120713863", "amenity": "place_of_worship", "building": "yes", "name": "\ucc9c\uc8fc\uad50 \uad70\uc885\uad50\uad6c\uccad"}, "geometry": {"type": "Polygon", "coordinates": [[[126.9717797, 37.5300315], [126.97175, 37.5298777], [126.9718137, 37.52987], [126.971798, 37.529789], [126.9720199, 37.5297621], [126.9720601, 37.5299703], [126.97203, 37.529974], [126.9720351, 37.5300005], [126.9717797, 37.5300315]]]}}, {"type": "Feature", "properties": {"@id": "way/1120713865", "building": "yes", "building:levels": "10", "height": "36", "layer": "1", "name": "\ud558\uc774\uc6d0\ube4c\ub9ac\uc9c0", "start_date": "2009"}, "geometry": {"type": "Polygon", "coordinates": [[[126.9719288, 37.5308194], [126.9722067, 37.5306593], [126.972531, 37.5310134], [126.9724907, 37.5310366], [126.9723977, 37.5310902], [126.9723825, 37.5310736], [126.9723689, 37.5310814], [126.9723273, 37.531036], [126.9723456, 37.5310255], [126.972309, 37.5309855], [126.9722844, 37.5309997], [126.9722551, 37.5309677], [126.9722836, 37.5309513], [126.9721709, 37.5308282], [126.9720706, 37.530886], [126.9720859, 37.5309027], [126.972033, 37.5309332], [126.9719288, 37.5308194]]]}}, {"type": "Feature", "properties": {"@id": "way/1171034904", "addr:city": "\uc11c\uc6b8\ud2b9\ubcc4\uc2dc", "addr:district": "\uc6a9\uc0b0\uad6c", "addr:housenumber": "16", "addr:postcode": "04382", "addr:street": "\ud55c\uac15\ub300\ub85c46\uae38", "addr:subdistrict": "\ud55c\uac15\ub85c2\uac00", "building": "yes"}, "geometry": {"type": "Polygon", "coordinates": [[[126.9710123, 37.5311316], [126.9711546, 37.5310502], [126.9710906, 37.5309817], [126.9709483, 37.5310623], [126.9710123, 37.5311316]]]}}, {"type": "Feature", "properties": {"@id": "way/1189766876", "addr:city": "\uc11c\uc6b8\ud2b9\ubcc4\uc2dc", "addr:district": "\uc6a9\uc0b0\uad6c", "addr:housenumber": "140", "addr:postcode": "04382", "addr:street": "\ud55c\uac15\ub300\ub85c", "addr:subdistrict": "\ud55c\uac15\ub85c2\uac00", "building": "commercial", "building:levels": "10", "height": "40.65", "layer": "1", "name": "\ub300\ud55c\uc9c0\ubc29\ud589\uc815\uacf5\uc81c\ud68c", "start_date": "1994"}, "geometry": {"type": "Polygon", "coordinates": [[[126.9708025, 37.5317368], [126.9705603, 37.5314861], [126.9703901, 37.5315895], [126.9706322, 37.5318403], [126.9708025, 37.5317368]]]}}, {"type": "Feature", "properties": {"@id": "way/1246006747", "building": "yes", "building:levels": "4", "layer": "1"}, "geometry": {"type": "Polygon", "coordinates": [[[126.9661597, 37.5287114], [126.9666774, 37.529312], [126.9668802, 37.5294554], [126.9672912, 37.5298739], [126.9678508, 37.5295152], [126.9667609, 37.5283705], [126.9661597, 37.5287114]]]}}, {"type": "Feature", "properties": {"@id": "way/1263157750", "building": "yes"}, "geometry": {"type": "Polygon", "coordinates": [[[126.9699331, 37.5292712], [126.9698043, 37.5292063], [126.9698607, 37.5291359], [126.9699895, 37.5292007], [126.9699331, 37.5292712]]]}}, {"type": "Feature", "properties": {"@id": "way/1263157751", "building": "yes"}, "geometry": {"type": "Polygon", "coordinates": [[[126.9698437, 37.5291205], [126.9699538, 37.5289703], [126.9700334, 37.529007], [126.9699234, 37.5291572], [126.9698437, 37.5291205]]]}}, {"type": "Feature", "properties": {"@id": "way/1263157752", "building": "yes"}, "geometry": {"type": "Polygon", "coordinates": [[[126.9699247, 37.529164], [126.9699658, 37.5291081], [126.9700405, 37.5291425], [126.9699994, 37.5291985], [126.9699247, 37.529164]]]}}, {"type": "Feature", "properties": {"@id": "way/1263157753", "building": "yes"}, "geometry": {"type": "Polygon", "coordinates": [[[126.9699712, 37.5291034], [126.9700336, 37.5290209], [126.9700774, 37.5290417], [126.9700551, 37.5290712], [126.9700803, 37.5290831], [126.9700402, 37.5291362], [126.9699712, 37.5291034]]]}}, {"type": "Feature", "properties": {"@id": "way/1263157754", "building": "yes"}, "geometry": {"type": "Polygon", "coordinates": [[[126.9700038, 37.528879], [126.970214, 37.5285698], [126.9703532, 37.5286293], [126.9703146, 37.5286861], [126.9702778, 37.5286704], [126.9701063, 37.5289228], [126.9700038, 37.528879]]]}}, {"type": "Feature", "properties": {"@id": "way/1263157755", "building": "yes"}, "geometry": {"type": "Polygon", "coordinates": [[[126.9708389, 37.5291668], [126.9702585, 37.5289284], [126.9703679, 37.5287608], [126.9709484, 37.5289992], [126.9708389, 37.5291668]]]}}, {"type": "Feature", "properties": {"@id": "way/1263157756", "building": "yes"}, "geometry": {"type": "Polygon", "coordinates": [[[126.9695371, 37.5295272], [126.9696193, 37.529374], [126.9697795, 37.5294425], [126.9696809, 37.529585], [126.9695371, 37.5295272]]]}}, {"type": "Feature", "properties": {"@id": "way/1263157757", "building": "yes"}, "geometry": {"type": "Polygon", "coordinates": [[[126.9696893, 37.5295954], [126.969786, 37.5294528], [126.9699909, 37.5295403], [126.9698942, 37.5296828], [126.9696893, 37.5295954]]]}}, {"type": "Feature", "properties": {"@id": "way/1263157758", "building": "yes"}, "geometry": {"type": "Polygon", "coordinates": [[[126.9697072, 37.5297935], [126.9697702, 37.529702], [126.9698486, 37.5297359], [126.9697856, 37.5298274], [126.9697072, 37.5297935]]]}}, {"type": "Feature", "properties": {"@id": "way/1263157759", "building": "yes"}, "geometry": {"type": "Polygon", "coordinates": [[[126.9697702, 37.529702], [126.9697295, 37.5296846], [126.9697641, 37.5296342], [126.9699007, 37.529693], [126.9698662, 37.5297434], [126.9698486, 37.5297359], [126.9697702, 37.529702]]]}}, {"type": "Feature", "properties": {"@id": "way/1263157760", "building": "yes"}, "geometry": {"type": "Polygon", "coordinates": [[[126.9700839, 37.530152], [126.9698714, 37.5301717], [126.969859, 37.5300291], [126.9699431, 37.5300254], [126.9699493, 37.5300606], [126.9700691, 37.5300581], [126.9700839, 37.530152]]]}}, {"type": "Feature", "properties": {"@id": "way/1263157761", "building": "yes"}, "geometry": {"type": "Polygon", "coordinates": [[[126.9701143, 37.5301458], [126.9700925, 37.5300007], [126.970182, 37.5300051], [126.9701867, 37.5300452], [126.9702279, 37.5300495], [126.9702443, 37.5301458], [126.9701968, 37.5301489], [126.9701921, 37.5301106], [126.9701602, 37.5301131], [126.9701625, 37.5301464], [126.9701143, 37.5301458]]]}}, {"type": "Feature", "properties": {"@id": "way/1263157762", "building": "yes"}, "geometry": {"type": "Polygon", "coordinates": [[[126.9698551, 37.5300173], [126.9698516, 37.5299436], [126.9699785, 37.5299399], [126.969982, 37.5300136], [126.9698551, 37.5300173]]]}}, {"type": "Feature", "properties": {"@id": "way/1263157763", "building": "yes"}, "geometry": {"type": "Polygon", "coordinates": [[[126.9718936, 37.5320361], [126.9718615, 37.532004], [126.971883, 37.5319905], [126.9718378, 37.5319453], [126.9719364, 37.5318833], [126.9720136, 37.5319607], [126.9718936, 37.5320361]]]}}, {"type": "Feature", "properties": {"@id": "way/1263157764", "building": "yes"}, "geometry": {"type": "Polygon", "coordinates": [[[126.9717971, 37.5319186], [126.9717023, 37.5318259], [126.9717967, 37.5317651], [126.9718916, 37.5318578], [126.9717971, 37.5319186]]]}}, {"type": "Feature", "properties": {"@id": "way/1263157765", "building": "yes"}, "geometry": {"type": "Polygon", "coordinates": [[[126.9725862, 37.5311444], [126.9724907, 37.5310366], [126.972531, 37.5310134], [126.9722067, 37.5306593], [126.9719288, 37.5308194], [126.972039, 37.5309433], [126.9719871, 37.5309695], [126.9723056, 37.5313081], [126.9725862, 37.5311444]]]}}, {"type": "Feature", "properties": {"@id": "way/1263157779", "addr:city": "\uc11c\uc6b8\ud2b9\ubcc4\uc2dc", "addr:district": "\uc6a9\uc0b0\uad6c", "addr:housenumber": "167", "addr:postcode": "04375", "addr:street": "\ud55c\uac15\ub300\ub85c", "addr:subdistrict": "\ud55c\uac15\ub85c2\uac00", "building": "fire_station", "building:levels": "5", "height": "26", "name": "\uc6a9\uc0b0\uc18c\ubc29\uc11c"}, "geometry": {"type": "Polygon", "coordinates": [[[126.971577, 37.5343531], [126.9716595, 37.5343017], [126.9718043, 37.5342116], [126.9715854, 37.5339905], [126.9714632, 37.5338671], [126.9713023, 37.5339673], [126.971364, 37.5340296], [126.9713204, 37.5340568], [126.9714211, 37.5341585], [126.9714639, 37.5341319], [126.9715761, 37.5342452], [126.9715106, 37.534286], [126.971577, 37.5343531]]]}}, {"type": "Feature", "properties": {"@id": "way/1263157780", "building": "apartments", "building:flats": "92", "building:levels": "24", "height": "66", "start_date": "2007"}, "geometry": {"type": "Polygon", "coordinates": [[[126.9708983, 37.5344633], [126.9706482, 37.5340217], [126.9707698, 37.5339784], [126.97102, 37.5344199], [126.9708983, 37.5344633]]]}}, {"type": "Feature", "properties": {"@id": "way/1263157781", "building": "apartments", "building:flats": "54", "building:levels": "28", "height": "75", "start_date": "2007"}, "geometry": {"type": "Polygon", "coordinates": [[[126.9707257, 37.5339118], [126.9706676, 37.5338158], [126.9709887, 37.5336935], [126.9710475, 37.5337906], [126.9709217, 37.5338386], [126.9709429, 37.5338736], [126.9708872, 37.5338947], [126.9708654, 37.5338587], [126.9707257, 37.5339118]]]}}, {"type": "Feature", "properties": {"@id": "way/1263157788", "building": "yes"}, "geometry": {"type": "Polygon", "coordinates": [[[126.971108, 37.5339787], [126.9710214, 37.533841], [126.9711326, 37.533797], [126.9712192, 37.5339347], [126.971108, 37.5339787]]]}}, {"type": "Feature", "properties": {"@id": "way/1263157789", "amenity": "place_of_worship", "building": "yes", "name": "\uc0bc\uac01\uc7a5\ub85c\uad50\ud68c", "religion": "christian"}, "geometry": {"type": "Polygon", "coordinates": [[[126.9712977, 37.5335641], [126.9712659, 37.5335325], [126.9712079, 37.5335693], [126.9710626, 37.5334251], [126.971157, 37.5333653], [126.9711926, 37.5334007], [126.9713097, 37.5333266], [126.9714511, 37.533467], [126.9712977, 37.5335641]]]}}, {"type": "Feature", "properties": {"@id": "way/1274002710", "addr:city": "\uc11c\uc6b8\ud2b9\ubcc4\uc2dc", "addr:district": "\uc6a9\uc0b0\uad6c", "addr:housenumber": "11", "addr:postcode": "04382", "addr:street": "\ud55c\uac15\ub300\ub85c48\uae38", "addr:subdistrict": "\ud55c\uac15\ub85c2\uac00", "building": "yes", "building:levels": "4", "height": "11.2"}, "geometry": {"type": "Polygon", "coordinates": [[[126.9712234, 37.5315753], [126.9713345, 37.5316884], [126.9713999, 37.531648], [126.9712888, 37.5315349], [126.9712234, 37.5315753]]]}}, {"type": "Feature", "properties": {"@id": "way/1281329868", "addr:city": "\uc11c\uc6b8\ud2b9\ubcc4\uc2dc", "addr:district": "\uc6a9\uc0b0\uad6c", "addr:housenumber": "142", "addr:postcode": "04382", "addr:street": "\ud55c\uac15\ub300\ub85c", "addr:subdistrict": "\ud55c\uac15\ub85c2\uac00", "building": "yes", "building:levels": "2"}, "geometry": {"type": "Polygon", "coordinates": [[[126.9706922, 37.5319003], [126.9707361, 37.5319471], [126.9708041, 37.531907], [126.9707602, 37.5318602], [126.9706922, 37.5319003]]]}}, {"type": "Feature", "properties": {"@id": "way/1281329869", "addr:city": "\uc11c\uc6b8\ud2b9\ubcc4\uc2dc", "addr:district": "\uc6a9\uc0b0\uad6c", "addr:housenumber": "149", "addr:postcode": "04376", "addr:street": "\ud55c\uac15\ub300\ub85c", "addr:subdistrict": "\ud55c\uac15\ub85c2\uac00", "building": "yes", "building:levels": "5"}, "geometry": {"type": "Polygon", "coordinates": [[[126.970743, 37.5319516], [126.970804, 37.5320166], [126.9709455, 37.5319331], [126.9708845, 37.5318681], [126.970743, 37.5319516]]]}}, {"type": "Feature", "properties": {"@id": "way/1281329870", "addr:city": "\uc11c\uc6b8\ud2b9\ubcc4\uc2dc", "addr:district": "\uc6a9\uc0b0\uad6c", "addr:housenumber": "146", "addr:postcode": "04382", "addr:street": "\ud55c\uac15\ub300\ub85c", "addr:subdistrict": "\ud55c\uac15\ub85c2\uac00", "building": "yes", "building:levels": "3", "height": "11.2", "name": "\uacbd\ud654\ube4c\ub529"}, "geometry": {"type": "Polygon", "coordinates": [[[126.9708084, 37.5320221], [126.9709426, 37.5321649], [126.9710598, 37.5320955], [126.9709255, 37.5319528], [126.9708084, 37.5320221]]]}}, {"type": "Feature", "properties": {"@id": "way/1281329871", "addr:city": "\uc11c\uc6b8\ud2b9\ubcc4\uc2dc", "addr:district": "\uc6a9\uc0b0\uad6c", "addr:housenumber": "9", "addr:postcode": "04382", "addr:street": "\ud55c\uac15\ub300\ub85c48\uae38", "addr:subdistrict": "\ud55c\uac15\ub85c2\uac00", "building": "yes", "building:levels": "4", "height": "13.2", "name": "\ubcf4\uc6d0\ube4c\ub529"}, "geometry": {"type": "Polygon", "coordinates": [[[126.9711254, 37.5316312], [126.9711432, 37.5316501], [126.9710867, 37.5316834], [126.9711732, 37.5317759], [126.9712965, 37.5317033], [126.9711922, 37.5315919], [126.9711254, 37.5316312]]]}}, {"type": "Feature", "properties": {"@id": "way/1281329872", "addr:city": "\uc11c\uc6b8\ud2b9\ubcc4\uc2dc", "addr:district": "\uc6a9\uc0b0\uad6c", "addr:housenumber": "7", "addr:postcode": "04382", "addr:street": "\ud55c\uac15\ub300\ub85c48\uae38", "addr:subdistrict": "\ud55c\uac15\ub85c2\uac00", "building": "yes", "building:levels": "6", "height": "17.7"}, "geometry": {"type": "Polygon", "coordinates": [[[126.970938, 37.5317578], [126.9710421, 37.5318723], [126.9711654, 37.5318019], [126.9710613, 37.5316873], [126.970938, 37.5317578]]]}}, {"type": "Feature", "properties": {"@id": "way/1281329873", "building": "yes"}, "geometry": {"type": "Polygon", "coordinates": [[[126.9707671, 37.5318543], [126.970811, 37.5319011], [126.970879, 37.531861], [126.9708351, 37.5318142], [126.9707671, 37.5318543]]]}}, {"type": "Feature", "properties": {"@id": "way/1281329874", "addr:city": "\uc11c\uc6b8\ud2b9\ubcc4\uc2dc", "addr:district": "\uc6a9\uc0b0\uad6c", "addr:housenumber": "13", "addr:postcode": "04382", "addr:street": "\ud55c\uac15\ub300\ub85c48\uae38", "addr:subdistrict": "\ud55c\uac15\ub85c2\uac00", "building": "yes", "building:levels": "2", "height": "7.6"}, "geometry": {"type": "Polygon", "coordinates": [[[126.9713058, 37.5315277], [126.9713703, 37.5315929], [126.9714372, 37.5315512], [126.9713726, 37.5314861], [126.9713058, 37.5315277]]]}}, {"type": "Feature", "properties": {"@id": "way/1281329875", "addr:city": "\uc11c\uc6b8\ud2b9\ubcc4\uc2dc", "addr:district": "\uc6a9\uc0b0\uad6c", "addr:housenumber": "15", "addr:postcode": "04382", "addr:street": "\ud55c\uac15\ub300\ub85c48\uae38", "addr:subdistrict": "\ud55c\uac15\ub85c2\uac00", "building": "yes", "building:levels": "2", "height": "6"}, "geometry": {"type": "Polygon", "coordinates": [[[126.9713914, 37.5316118], [126.9714352, 37.5316585], [126.9715032, 37.5316184], [126.9714593, 37.5315717], [126.9713914, 37.5316118]]]}}, {"type": "Feature", "properties": {"@id": "way/1281329876", "addr:city": "\uc11c\uc6b8\ud2b9\ubcc4\uc2dc", "addr:district": "\uc6a9\uc0b0\uad6c", "addr:housenumber": "10", "addr:postcode": "04382", "addr:street": "\ud55c\uac15\ub300\ub85c50\uae38", "addr:subdistrict": "\ud55c\uac15\ub85c2\uac00", "building": "yes", "building:levels": "3", "height": "10"}, "geometry": {"type": "Polygon", "coordinates": [[[126.9712631, 37.5318016], [126.9713672, 37.5319161], [126.9714904, 37.5318457], [126.9713864, 37.5317311], [126.9712631, 37.5318016]]]}}, {"type": "Feature", "properties": {"@id": "way/1281329877", "addr:city": "\uc11c\uc6b8\ud2b9\ubcc4\uc2dc", "addr:district": "\uc6a9\uc0b0\uad6c", "addr:housenumber": "6", "addr:postcode": "04382", "addr:street": "\ud55c\uac15\ub300\ub85c50\uae38", "addr:subdistrict": "\ud55c\uac15\ub85c2\uac00", "building": "yes", "building:levels": "4", "height": "13.2", "name": "Motel\uc544\ubaa8\ub974"}, "geometry": {"type": "Polygon", "coordinates": [[[126.9709815, 37.5319627], [126.9710856, 37.5320773], [126.9712905, 37.531956], [126.9711747, 37.5318299], [126.9709815, 37.5319627]]]}}, {"type": "Feature", "properties": {"@id": "way/1281329878", "building": "yes"}, "geometry": {"type": "Polygon", "coordinates": [[[126.9714005, 37.5314547], [126.9714687, 37.5315191], [126.9715579, 37.5314636], [126.971514, 37.5314201], [126.9714508, 37.5314227], [126.9714005, 37.5314547]]]}}, {"type": "Feature", "properties": {"@id": "way/1281329879", "addr:city": "\uc11c\uc6b8\ud2b9\ubcc4\uc2dc", "addr:district": "\uc6a9\uc0b0\uad6c", "addr:housenumber": "17-3", "addr:postcode": "04382", "addr:street": "\ud55c\uac15\ub300\ub85c48\uae38", "addr:subdistrict": "\ud55c\uac15\ub85c2\uac00", "building": "yes", "building:levels": "2", "height": "6.6"}, "geometry": {"type": "Polygon", "coordinates": [[[126.9714555, 37.5315413], [126.9715293, 37.5316175], [126.9716258, 37.531557], [126.9715562, 37.5314831], [126.9714555, 37.5315413]]]}}, {"type": "Feature", "properties": {"@id": "way/1281329880", "addr:city": "\uc11c\uc6b8\ud2b9\ubcc4\uc2dc", "addr:district": "\uc6a9\uc0b0\uad6c", "addr:housenumber": "17-5", "addr:postcode": "04382", "addr:street": "\ud55c\uac15\ub300\ub85c48\uae38", "addr:subdistrict": "\ud55c\uac15\ub85c2\uac00", "building": "yes", "building:levels": "4", "height": "11.6"}, "geometry": {"type": "Polygon", "coordinates": [[[126.9715599, 37.5316174], [126.9716779, 37.5317342], [126.9717516, 37.531693], [126.9716379, 37.5315739], [126.9715599, 37.5316174]]]}}, {"type": "Feature", "properties": {"@id": "way/1281329881", "addr:city": "\uc11c\uc6b8\ud2b9\ubcc4\uc2dc", "addr:district": "\uc6a9\uc0b0\uad6c", "addr:housenumber": "14", "addr:postcode": "04382", "addr:street": "\ud55c\uac15\ub300\ub85c50\uae38", "addr:subdistrict": "\ud55c\uac15\ub85c2\uac00", "building": "yes", "building:levels": "5", "height": "16.5", "name": "\ub2e4\ub9ac\ube4c\ub529"}, "geometry": {"type": "Polygon", "coordinates": [[[126.9714062, 37.5317139], [126.9715103, 37.5318284], [126.9716336, 37.531758], [126.9715295, 37.5316434], [126.9714062, 37.5317139]]]}}, {"type": "Feature", "properties": {"@id": "way/1281890926", "addr:city": "\uc11c\uc6b8\ud2b9\ubcc4\uc2dc", "addr:district": "\uc6a9\uc0b0\uad6c", "addr:housenumber": "9-5", "addr:postcode": "04379", "addr:street": "\ud55c\uac15\ub300\ub85c15\uae38", "addr:subdistrict": "\ud55c\uac15\ub85c3\uac00", "alt_name": "\uace0\ub824\ube4c\ub529", "building": "commercial", "height": "17", "name": "\ud310\ub514\uc544\ube4c\ub529", "name:ko": "\ud310\ub514\uc544\ube4c\ub529"}, "geometry": {"type": "Polygon", "coordinates": [[[126.9638503, 37.525582], [126.9637368, 37.52547], [126.9635624, 37.5255806], [126.9636688, 37.5256863], [126.9638503, 37.525582]]]}}, {"type": "Feature", "properties": {"@id": "way/1356113154", "building": "commercial", "layer": "1"}, "geometry": {"type": "Polygon", "coordinates": [[[126.969014, 37.5277392], [126.9691618, 37.5276541], [126.9688639, 37.5273067], [126.9687825, 37.5272202], [126.9686717, 37.5272857], [126.9688267, 37.5274623], [126.9687634, 37.5274941], [126.9688285, 37.5275625], [126.9689011, 37.5275191], [126.9690348, 37.5276596], [126.9689733, 37.5276964], [126.969014, 37.5277392]]]}}, {"type": "Feature", "properties": {"@id": "way/1356113157", "building": "yes"}, "geometry": {"type": "Polygon", "coordinates": [[[126.9681721, 37.5309004], [126.9680576, 37.5307899], [126.9681811, 37.5307093], [126.9682957, 37.5308198], [126.9681721, 37.5309004]]]}}, {"type": "Feature", "properties": {"@id": "way/1356113158", "building": "yes"}, "geometry": {"type": "Polygon", "coordinates": [[[126.9683167, 37.5308179], [126.9681882, 37.5306804], [126.9684054, 37.5305527], [126.9685339, 37.5306901], [126.9683167, 37.5308179]]]}}, {"type": "Feature", "properties": {"@id": "way/1356113159", "building": "yes"}, "geometry": {"type": "Polygon", "coordinates": [[[126.9687897, 37.5305445], [126.9686588, 37.5304099], [126.9687566, 37.53035], [126.9688875, 37.5304847], [126.9687897, 37.5305445]]]}}, {"type": "Feature", "properties": {"@id": "way/1356113160", "building": "yes"}, "geometry": {"type": "Polygon", "coordinates": [[[126.9684918, 37.5305048], [126.96861, 37.5304383], [126.9687386, 37.5305823], [126.9686204, 37.5306487], [126.9684918, 37.5305048]]]}}, {"type": "Feature", "properties": {"@id": "way/1356113163", "building": "yes", "building:levels": "9", "height": "29", "start_date": "2008"}, "geometry": {"type": "Polygon", "coordinates": [[[126.9687297, 37.5314091], [126.9688972, 37.5313016], [126.9689951, 37.5313976], [126.9688418, 37.531496], [126.9687902, 37.5314454], [126.968776, 37.5314545], [126.9687297, 37.5314091]]]}}, {"type": "Feature", "properties": {"@id": "way/1356113164", "building": "yes", "building:levels": "12", "height": "37", "start_date": "2012"}, "geometry": {"type": "Polygon", "coordinates": [[[126.9686672, 37.531316], [126.9688181, 37.5312209], [126.9688943, 37.531297], [126.9687434, 37.531392], [126.9686672, 37.531316]]]}}, {"type": "Feature", "properties": {"@id": "way/1356113165", "building": "yes"}, "geometry": {"type": "Polygon", "coordinates": [[[126.9680213, 37.5311697], [126.9681825, 37.5310728], [126.9682598, 37.5311501], [126.9680976, 37.5312493], [126.9680213, 37.5311697]]]}}, {"type": "Feature", "properties": {"@id": "way/1356113166", "building": "yes"}, "geometry": {"type": "Polygon", "coordinates": [[[126.9687862, 37.5308198], [126.9688458, 37.5307752], [126.9687964, 37.5307194], [126.9688757, 37.5306683], [126.9689854, 37.5307892], [126.9688452, 37.5308827], [126.9687862, 37.5308198]]]}}, {"type": "Feature", "properties": {"@id": "way/1356113167", "building": "yes"}, "geometry": {"type": "Polygon", "coordinates": [[[126.9687623, 37.5308254], [126.968724, 37.5307907], [126.9687992, 37.5307385], [126.9688375, 37.5307732], [126.9687623, 37.5308254]]]}}, {"type": "Feature", "properties": {"@id": "way/1356113168", "building": "yes"}, "geometry": {"type": "Polygon", "coordinates": [[[126.9688452, 37.5308827], [126.9688977, 37.5309304], [126.9689496, 37.5308921], [126.9689406, 37.5308787], [126.9690202, 37.5308269], [126.9689854, 37.5307892], [126.9688452, 37.5308827]]]}}, {"type": "Feature", "properties": {"@id": "way/1356113169", "building": "yes"}, "geometry": {"type": "Polygon", "coordinates": [[[126.9688074, 37.5310426], [126.9688251, 37.5310159], [126.9688699, 37.5309837], [126.9690321, 37.5311348], [126.9689525, 37.5311923], [126.9688074, 37.5310426]]]}}, {"type": "Feature", "properties": {"@id": "way/1356113170", "building": "yes"}, "geometry": {"type": "Polygon", "coordinates": [[[126.9690531, 37.5311779], [126.9689032, 37.5312691], [126.9689858, 37.5313546], [126.9691358, 37.5312634], [126.9690531, 37.5311779]]]}}, {"type": "Feature", "properties": {"@id": "way/1356113171", "building": "yes"}, "geometry": {"type": "Polygon", "coordinates": [[[126.9692603, 37.5312884], [126.9693604, 37.5312314], [126.9695985, 37.5314947], [126.9694984, 37.5315516], [126.9692603, 37.5312884]]]}}, {"type": "Feature", "properties": {"@id": "way/1356113172", "building": "yes"}, "geometry": {"type": "Polygon", "coordinates": [[[126.9694497, 37.5305072], [126.9693936, 37.5304591], [126.9694061, 37.5303924], [126.9695508, 37.5303763], [126.9695602, 37.5304584], [126.9694925, 37.5304702], [126.9694497, 37.5305072]]]}}, {"type": "Feature", "properties": {"@id": "way/1356113173", "building": "yes"}, "geometry": {"type": "Polygon", "coordinates": [[[126.969466, 37.5305128], [126.9695073, 37.5304751], [126.9695882, 37.5304763], [126.9696403, 37.5305356], [126.9695524, 37.5306041], [126.969466, 37.5305128]]]}}, {"type": "Feature", "properties": {"@id": "way/1356113174", "building": "yes"}, "geometry": {"type": "Polygon", "coordinates": [[[126.9695653, 37.5304574], [126.9695525, 37.5303747], [126.9696696, 37.5303581], [126.9696755, 37.530463], [126.9695653, 37.5304574]]]}}, {"type": "Feature", "properties": {"@id": "way/1356113175", "building": "yes"}, "geometry": {"type": "Polygon", "coordinates": [[[126.9696841, 37.5304541], [126.9697441, 37.53046], [126.9698488, 37.5303976], [126.9697927, 37.5303371], [126.9696752, 37.5303458], [126.9696841, 37.5304541]]]}}, {"type": "Feature", "properties": {"@id": "way/1356113176", "building": "yes"}, "geometry": {"type": "Polygon", "coordinates": [[[126.9699425, 37.5303686], [126.9699667, 37.5303307], [126.9700409, 37.5303296], [126.9700999, 37.5304044], [126.9701482, 37.5303753], [126.9701965, 37.5304299], [126.9700731, 37.5305019], [126.9699425, 37.5303686]]]}}, {"type": "Feature", "properties": {"@id": "way/1356113177", "building": "yes"}, "geometry": {"type": "Polygon", "coordinates": [[[126.9701065, 37.5303821], [126.9700596, 37.5303303], [126.9702259, 37.5303197], [126.9702929, 37.5303902], [126.9702442, 37.53042], [126.97017, 37.5303466], [126.9701065, 37.5303821]]]}}, {"type": "Feature", "properties": {"@id": "way/1356113178", "building": "yes"}, "geometry": {"type": "Polygon", "coordinates": [[[126.9703187, 37.5303483], [126.9704296, 37.530275], [126.9705213, 37.5303623], [126.9703866, 37.5304513], [126.9703496, 37.5304161], [126.9703734, 37.5304004], [126.9703187, 37.5303483]]]}}, {"type": "Feature", "properties": {"@id": "way/1356113179", "building": "yes"}, "geometry": {"type": "Polygon", "coordinates": [[[126.9701663, 37.5305828], [126.9701498, 37.5305958], [126.9701961, 37.5306385], [126.9702592, 37.5305958], [126.9701956, 37.5305343], [126.9701442, 37.5305624], [126.9701663, 37.5305828]]]}}, {"type": "Feature", "properties": {"@id": "way/1356113180", "building": "yes"}, "geometry": {"type": "Polygon", "coordinates": [[[126.9703026, 37.5305898], [126.9702082, 37.5304947], [126.9702764, 37.5304521], [126.9703709, 37.5305472], [126.9703026, 37.5305898]]]}}, {"type": "Feature", "properties": {"@id": "way/1356113181", "building": "yes"}, "geometry": {"type": "Polygon", "coordinates": [[[126.9703845, 37.5305435], [126.9703415, 37.5304982], [126.9705151, 37.5303945], [126.9705582, 37.5304398], [126.9703845, 37.5305435]]]}}, {"type": "Feature", "properties": {"@id": "way/1356113182", "building": "yes"}, "geometry": {"type": "Polygon", "coordinates": [[[126.9697214, 37.530834], [126.9698362, 37.5307597], [126.9698975, 37.5308193], [126.9697827, 37.5308936], [126.9697214, 37.530834]]]}}, {"type": "Feature", "properties": {"@id": "way/1356113183", "building": "yes"}, "geometry": {"type": "Polygon", "coordinates": [[[126.9696784, 37.53052], [126.9697441, 37.5304795], [126.9697899, 37.5305262], [126.9697243, 37.5305667], [126.9696784, 37.53052]]]}}, {"type": "Feature", "properties": {"@id": "way/1356113184", "building": "yes"}, "geometry": {"type": "Polygon", "coordinates": [[[126.9699132, 37.5308181], [126.9698424, 37.5307277], [126.9698984, 37.5306916], [126.9699825, 37.5307771], [126.9699132, 37.5308181]]]}}, {"type": "Feature", "properties": {"@id": "way/1356113185", "building": "yes"}, "geometry": {"type": "Polygon", "coordinates": [[[126.9698832, 37.5306873], [126.969782, 37.5307555], [126.969798, 37.5307715], [126.969724, 37.5308157], [126.9696618, 37.5307552], [126.9698408, 37.530649], [126.9698832, 37.5306873]]]}}, {"type": "Feature", "properties": {"@id": "way/1356113186", "building": "yes"}, "geometry": {"type": "Polygon", "coordinates": [[[126.9699791, 37.5306461], [126.969912, 37.5306864], [126.9699933, 37.5307716], [126.9700605, 37.5307313], [126.9699791, 37.5306461]]]}}, {"type": "Feature", "properties": {"@id": "way/1356113187", "building": "yes"}, "geometry": {"type": "Polygon", "coordinates": [[[126.9700765, 37.5307269], [126.969997, 37.5306479], [126.9700479, 37.5306174], [126.9701007, 37.5306752], [126.9701011, 37.5307127], [126.9700765, 37.5307269]]]}}, {"type": "Feature", "properties": {"@id": "way/1356113188", "building": "yes"}, "geometry": {"type": "Polygon", "coordinates": [[[126.9699259, 37.5306606], [126.9698959, 37.5306312], [126.9699992, 37.5305692], [126.9700225, 37.5305965], [126.9700126, 37.5306163], [126.9699259, 37.5306606]]]}}, {"type": "Feature", "properties": {"@id": "way/1356113189", "building": "yes"}, "geometry": {"type": "Polygon", "coordinates": [[[126.969881, 37.5305867], [126.9699655, 37.530532], [126.9699919, 37.5305577], [126.9699074, 37.5306124], [126.969881, 37.5305867]]]}}, {"type": "Feature", "properties": {"@id": "way/1356113190", "building": "yes"}, "geometry": {"type": "Polygon", "coordinates": [[[126.9698723, 37.5305816], [126.9697665, 37.5304728], [126.9698557, 37.5304183], [126.9699615, 37.5305271], [126.9698723, 37.5305816]]]}}, {"type": "Feature", "properties": {"@id": "way/1356113191", "building": "yes"}, "geometry": {"type": "Polygon", "coordinates": [[[126.9685195, 37.5308719], [126.9685702, 37.5308462], [126.9686598, 37.5309379], [126.9686056, 37.5309664], [126.9685195, 37.5308719]]]}}, {"type": "Feature", "properties": {"@id": "way/1356113192", "building": "yes"}, "geometry": {"type": "Polygon", "coordinates": [[[126.9684507, 37.5309127], [126.968513, 37.5308773], [126.9685937, 37.5309667], [126.9685314, 37.5310021], [126.9684507, 37.5309127]]]}}, {"type": "Feature", "properties": {"@id": "way/1356113193", "building": "yes"}, "geometry": {"type": "Polygon", "coordinates": [[[126.9683085, 37.530989], [126.9684151, 37.530934], [126.9685202, 37.5310464], [126.9684423, 37.5310976], [126.9683085, 37.530989]]]}}, {"type": "Feature", "properties": {"@id": "way/1356113194", "building": "yes"}, "geometry": {"type": "Polygon", "coordinates": [[[126.9683631, 37.5310846], [126.9682688, 37.5310102], [126.9681962, 37.5310477], [126.9682322, 37.5311033], [126.9682817, 37.5311337], [126.9683631, 37.5310846]]]}}, {"type": "Feature", "properties": {"@id": "way/1371438138", "addr:city": "\uc11c\uc6b8\ud2b9\ubcc4\uc2dc", "addr:district": "\uc6a9\uc0b0\uad6c", "addr:housenumber": "50-1", "addr:postcode": "04388", "addr:street": "\uc11c\ube59\uace0\ub85c", "addr:subdistrict": "\ud55c\uac15\ub85c3\uac00", "building": "yes"}, "geometry": {"type": "Polygon", "coordinates": [[[126.9698632, 37.5234081], [126.9698147, 37.5233579], [126.9696814, 37.5234389], [126.9697299, 37.5234891], [126.9698632, 37.5234081]]]}}, {"type": "Feature", "properties": {"@id": "way/1390945987", "building": "yes", "height": "18"}, "geometry": {"type": "Polygon", "coordinates": [[[126.959769, 37.5240101], [126.9596213, 37.5239044], [126.959808, 37.5238021], [126.959912, 37.5239195], [126.959769, 37.5240101]]]}}, {"type": "Feature", "properties": {"@id": "way/1390945988", "building": "yes", "height": "8.47"}, "geometry": {"type": "Polygon", "coordinates": [[[126.9600341, 37.5237887], [126.9601391, 37.5236663], [126.9600447, 37.5236123], [126.9599317, 37.523732], [126.9600341, 37.5237887]]]}}, {"type": "Feature", "properties": {"@id": "way/1390945989", "building": "yes", "height": "3.5"}, "geometry": {"type": "Polygon", "coordinates": [[[126.9610822, 37.5231208], [126.9611573, 37.523079], [126.9612011, 37.5231361], [126.9612519, 37.5231091], [126.9612836, 37.5231461], [126.9611646, 37.5232155], [126.9610822, 37.5231208]]]}}, {"type": "Feature", "properties": {"@id": "way/1390945990", "building": "yes", "height": "4.4"}, "geometry": {"type": "Polygon", "coordinates": [[[126.961221, 37.5231143], [126.961167, 37.5230404], [126.9612438, 37.5230078], [126.9613, 37.5230841], [126.961221, 37.5231143]]]}}, {"type": "Feature", "properties": {"@id": "way/1390948828", "building": "yes", "building:levels": "30", "height": "143", "start_date": "2023"}, "geometry": {"type": "Polygon", "coordinates": [[[126.9647382, 37.5277577], [126.9645065, 37.5279019], [126.9641254, 37.5275171], [126.9643573, 37.5273728], [126.9647382, 37.5277577]]]}}, {"type": "Feature", "properties": {"@id": "way/1390948829", "building": "yes", "height": "21"}, "geometry": {"type": "Polygon", "coordinates": [[[126.9646294, 37.5281907], [126.9641436, 37.5284583], [126.9639683, 37.5282649], [126.9644465, 37.5279911], [126.9646294, 37.5281907]]]}}, {"type": "Feature", "properties": {"@id": "way/1423027171", "building": "yes", "height": "19", "military": "office"}, "geometry": {"type": "Polygon", "coordinates": [[[126.9633808, 37.5282109], [126.9635118, 37.5280928], [126.9636667, 37.5282359], [126.9635513, 37.5283393], [126.9633808, 37.5282109]]]}}, {"type": "Feature", "properties": {"@id": "way/1423113536", "addr:city": "\uc11c\uc6b8\ud2b9\ubcc4\uc2dc", "addr:district": "\uc6a9\uc0b0\uad6c", "addr:housenumber": "66", "addr:postcode": "04387", "addr:street": "\ud55c\uac15\ub300\ub85c", "addr:subdistrict": "\ud55c\uac15\ub85c2\uac00", "building": "apartments", "building:flats": "187", "building:levels": "39", "name": "\uc6a9\uc0b0\ud638\ubc18\uc368\ubc0b\uc5d0\uc774\ub514\uc158", "start_date": "2025"}, "geometry": {"type": "Polygon", "coordinates": [[[126.9659784, 37.5261876], [126.965686, 37.5263634], [126.9658866, 37.5265734], [126.9660786, 37.5264581], [126.965949, 37.5263223], [126.9660494, 37.526262], [126.9659784, 37.5261876]]]}}, {"type": "Feature", "properties": {"@id": "way/1467927938", "building": "residential", "building:levels": "1", "height": "4.97"}, "geometry": {"type": "Polygon", "coordinates": [[[126.9608735, 37.5251397], [126.9608731, 37.5250654], [126.9609023, 37.5250099], [126.960966, 37.5250205], [126.9609937, 37.5250263], [126.9610027, 37.5250121], [126.9611067, 37.5250334], [126.9611042, 37.5251041], [126.9611219, 37.525112], [126.9610793, 37.5252223], [126.9609797, 37.525202], [126.9608735, 37.5251397]]]}}, {"type": "Feature", "properties": {"@id": "way/1467927939", "building": "residential", "building:levels": "1", "height": "4.68", "layer": "-1"}, "geometry": {"type": "Polygon", "coordinates": [[[126.9609018, 37.5250049], [126.9609252, 37.5249101], [126.9610198, 37.5249292], [126.9610451, 37.5248511], [126.9611959, 37.5248859], [126.9612331, 37.5249098], [126.9612173, 37.5249377], [126.9612351, 37.5249635], [126.9611623, 37.5250137], [126.9611108, 37.5250018], [126.9611067, 37.5250334], [126.9609018, 37.5250049]]]}}, {"type": "Feature", "properties": {"@id": "way/1467927940", "building": "residential", "height": "3.51"}, "geometry": {"type": "Polygon", "coordinates": [[[126.9609717, 37.5247815], [126.9610876, 37.5248057], [126.9611413, 37.524669], [126.961019, 37.5246362], [126.9609717, 37.5247815]]]}}, {"type": "Feature", "properties": {"@id": "way/1467927941", "building": "residential", "building:levels": "2", "height": "10", "name": "\uc7a5\ubbf8\uc5f0\ub9bd A\ub3d9"}, "geometry": {"type": "Polygon", "coordinates": [[[126.9612683, 37.5248809], [126.9612009, 37.524808], [126.9615587, 37.5245984], [126.9616266, 37.52467], [126.9612683, 37.5248809]]]}}, {"type": "Feature", "properties": {"@id": "way/1467927942", "building": "residential", "building:levels": "2", "height": "10", "name": "\uc7a5\ubbf8\uc5f0\ub9bd B\ub3d9"}, "geometry": {"type": "Polygon", "coordinates": [[[126.9613417, 37.524618], [126.9614869, 37.52453], [126.9614223, 37.5244457], [126.9612649, 37.5245333], [126.9613417, 37.524618]]]}}, {"type": "Feature", "properties": {"@id": "way/1467927943", "building": "residential", "height": "1.68"}, "geometry": {"type": "Polygon", "coordinates": [[[126.9610134, 37.5246212], [126.9611362, 37.5246486], [126.961156, 37.5245914], [126.9610286, 37.524567], [126.9610134, 37.5246212]]]}}, {"type": "Feature", "properties": {"@id": "way/1467927944", "building": "residential", "building:levels": "1", "height": "3.8"}, "geometry": {"type": "Polygon", "coordinates": [[[126.9610322, 37.5245595], [126.9611638, 37.5245852], [126.9611894, 37.5245301], [126.9612432, 37.5245334], [126.9613007, 37.5245032], [126.9613571, 37.5244613], [126.9613576, 37.5244444], [126.961332, 37.5244228], [126.9612542, 37.5244017], [126.961214, 37.5243884], [126.9611931, 37.5244178], [126.9611367, 37.5244096], [126.9611283, 37.5244328], [126.9610761, 37.5244216], [126.9610322, 37.5245595]]]}}, {"type": "Feature", "properties": {"@id": "way/1468045758", "building": "yes", "height": "2.53", "layer": "1"}, "geometry": {"type": "Polygon", "coordinates": [[[126.961369, 37.524461], [126.9614491, 37.5244196], [126.9614009, 37.5243617], [126.9613146, 37.5244041], [126.9613221, 37.524412], [126.961369, 37.524461]]]}}, {"type": "Feature", "properties": {"@id": "way/1468045759", "building": "residential", "building:levels": "1", "height": "1.5"}, "geometry": {"type": "Polygon", "coordinates": [[[126.9611397, 37.5243419], [126.9611814, 37.5243585], [126.9612251, 37.5243044], [126.961186, 37.5242867], [126.9611397, 37.5243419]]]}}, {"type": "Feature", "properties": {"@id": "way/1468045760", "building": "residential", "height": "4.3"}, "geometry": {"type": "Polygon", "coordinates": [[[126.9611133, 37.5242164], [126.9612046, 37.5242365], [126.9612227, 37.5241816], [126.9611333, 37.5241589], [126.9611133, 37.5242164]]]}}, {"type": "Feature", "properties": {"@id": "way/1468045761", "building": "residential", "building:levels": "2", "height": "9"}, "geometry": {"type": "Polygon", "coordinates": [[[126.9613114, 37.5242311], [126.961412, 37.5243226], [126.9614893, 37.5242718], [126.9614212, 37.5242037], [126.9613922, 37.5241747], [126.9613114, 37.5242311]]]}}, {"type": "Feature", "properties": {"@id": "way/1468045762", "building": "residential", "height": "5.4"}, "geometry": {"type": "Polygon", "coordinates": [[[126.9614892, 37.5241565], [126.9615593, 37.5242129], [126.9614893, 37.5242718], [126.9614212, 37.5242037], [126.9614444, 37.5241944], [126.9614892, 37.5241565]]]}}, {"type": "Feature", "properties": {"@id": "way/1468045763", "building": "yes", "height": "3.44"}, "geometry": {"type": "Polygon", "coordinates": [[[126.9606579, 37.5249839], [126.9607246, 37.524989], [126.9607395, 37.5249068], [126.960669, 37.5248986], [126.9606579, 37.5249839]]]}}, {"type": "Feature", "properties": {"@id": "way/1468045764", "building": "residential", "height": "2.28"}, "geometry": {"type": "Polygon", "coordinates": [[[126.9605651, 37.524912], [126.9606033, 37.5249402], [126.9606462, 37.5248631], [126.9605925, 37.5248323], [126.9605959, 37.5248222], [126.9605691, 37.5248062], [126.9605168, 37.5248775], [126.9605503, 37.5248961], [126.9605624, 37.5248844], [126.9605939, 37.5248945], [126.9605651, 37.524912]]]}}, {"type": "Feature", "properties": {"@id": "way/1468045765", "building": "yes", "height": "6.83"}, "geometry": {"type": "Polygon", "coordinates": [[[126.9603988, 37.5248179], [126.9604704, 37.5248601], [126.9605074, 37.5248039], [126.9604412, 37.5247624], [126.9603988, 37.5248179]]]}}, {"type": "Feature", "properties": {"@id": "way/1468045766", "building": "residential", "height": "3.36"}, "geometry": {"type": "Polygon", "coordinates": [[[126.9602815, 37.5247548], [126.9603901, 37.5248143], [126.9604471, 37.5247452], [126.9603351, 37.5246755], [126.9602815, 37.5247548]]]}}, {"type": "Feature", "properties": {"@id": "way/1468045767", "building": "yes"}, "geometry": {"type": "Polygon", "coordinates": [[[126.9604789, 37.5247526], [126.9606378, 37.5248153], [126.9606666, 37.5247558], [126.960509, 37.5246967], [126.9604789, 37.5247526]]]}}, {"type": "Feature", "properties": {"@id": "way/1468045768", "building": "yes", "height": "5.3"}, "geometry": {"type": "Polygon", "coordinates": [[[126.9605482, 37.524536], [126.9606287, 37.5245876], [126.9606884, 37.5245333], [126.9606032, 37.5244791], [126.9605482, 37.524536]]]}}, {"type": "Feature", "properties": {"@id": "way/1468045769", "building": "yes", "height": "6.27"}, "geometry": {"type": "Polygon", "coordinates": [[[126.9606649, 37.5245984], [126.9606878, 37.5245444], [126.9607498, 37.5245609], [126.9607463, 37.524568], [126.9607233, 37.5246154], [126.9606649, 37.5245984]]]}}, {"type": "Feature", "properties": {"@id": "way/1468045770", "building": "yes", "height": "1.96"}, "geometry": {"type": "Polygon", "coordinates": [[[126.9607299, 37.5246194], [126.9607777, 37.5246347], [126.9607965, 37.5245759], [126.9607463, 37.524568], [126.9607299, 37.5246194]]]}}, {"type": "Feature", "properties": {"@id": "way/1468045771", "building": "yes", "height": "5.86"}, "geometry": {"type": "Polygon", "coordinates": [[[126.9606542, 37.5246968], [126.9607437, 37.5247242], [126.960762, 37.5246883], [126.9607284, 37.5246766], [126.9607426, 37.5246403], [126.9606801, 37.5246254], [126.9606542, 37.5246968]]]}}, {"type": "Feature", "properties": {"@id": "way/1468045772", "building": "yes", "height": "4.99"}, "geometry": {"type": "Polygon", "coordinates": [[[126.9606032, 37.5244791], [126.960608, 37.5244739], [126.9606801, 37.5245194], [126.9607284, 37.5244787], [126.9607055, 37.5244626], [126.9606812, 37.5244803], [126.9606695, 37.5244723], [126.9606822, 37.5244493], [126.960643, 37.5244239], [126.9606032, 37.5244791]]]}}, {"type": "Feature", "properties": {"@id": "way/1468045773", "building": "yes", "height": "3.8"}, "geometry": {"type": "Polygon", "coordinates": [[[126.9606151, 37.5247153], [126.9604703, 37.5246488], [126.9604494, 37.5245505], [126.9605323, 37.5245065], [126.960548, 37.5245182], [126.9605282, 37.5245384], [126.9606374, 37.5246013], [126.9606151, 37.5247153]]]}}, {"type": "Feature", "properties": {"@id": "way/1468045774", "building": "yes", "height": "2.69"}, "geometry": {"type": "Polygon", "coordinates": [[[126.9606986, 37.5245332], [126.9607888, 37.5245658], [126.960803, 37.5245068], [126.9607477, 37.5244837], [126.9606986, 37.5245332]]]}}, {"type": "Feature", "properties": {"@id": "way/1468045775", "building": "yes", "height": "1.95"}, "geometry": {"type": "Polygon", "coordinates": [[[126.9607434, 37.5244709], [126.9608054, 37.5244991], [126.9608277, 37.5244439], [126.9607886, 37.5244242], [126.9607434, 37.5244709]]]}}, {"type": "Feature", "properties": {"@id": "way/1468045776", "building": "residential", "height": "3.9"}, "geometry": {"type": "Polygon", "coordinates": [[[126.960637, 37.524417], [126.9607312, 37.5244671], [126.9607671, 37.5244114], [126.9607211, 37.5243843], [126.960695, 37.524417], [126.9606538, 37.5243907], [126.960637, 37.524417]]]}}, {"type": "Feature", "properties": {"@id": "way/1468045777", "building": "yes", "height": "2.24"}, "geometry": {"type": "Polygon", "coordinates": [[[126.9605343, 37.5244906], [126.9605618, 37.5245102], [126.9606117, 37.5244565], [126.9606064, 37.5244488], [126.9606321, 37.5244253], [126.9606184, 37.5244127], [126.9605343, 37.5244906]]]}}, {"type": "Feature", "properties": {"@id": "way/1468045778", "building": "yes", "height": "2.4"}, "geometry": {"type": "Polygon", "coordinates": [[[126.9612823, 37.5241663], [126.9613279, 37.5241817], [126.9613728, 37.5241381], [126.9613453, 37.5241237], [126.9613245, 37.5241434], [126.9613011, 37.5241365], [126.9612823, 37.5241663]]]}}, {"type": "Feature", "properties": {"@id": "way/1468045779", "building": "yes", "height": "3.3"}, "geometry": {"type": "Polygon", "coordinates": [[[126.9611422, 37.5241482], [126.961238, 37.5241726], [126.9612582, 37.5241104], [126.961167, 37.5240801], [126.9611422, 37.5241482]]]}}, {"type": "Feature", "properties": {"@id": "way/1468045780", "building": "yes", "height": "2.29"}, "geometry": {"type": "Polygon", "coordinates": [[[126.9611898, 37.5242797], [126.9612681, 37.5243228], [126.9613137, 37.5242727], [126.9612429, 37.5242442], [126.9612256, 37.5242671], [126.9611964, 37.5242632], [126.9611898, 37.5242797]]]}}, {"type": "Feature", "properties": {"@id": "way/1468045781", "building": "yes", "building:levels": "3", "height": "8.26"}, "geometry": {"type": "Polygon", "coordinates": [[[126.9614138, 37.5243527], [126.9614757, 37.524432], [126.9615695, 37.5243786], [126.9615023, 37.5242972], [126.9614138, 37.5243527]]]}}, {"type": "Feature", "properties": {"@id": "way/1468045782", "building": "yes", "height": "5.4"}, "geometry": {"type": "Polygon", "coordinates": [[[126.9615837, 37.524373], [126.9615005, 37.5242769], [126.9615899, 37.5242264], [126.9616748, 37.5243246], [126.9615837, 37.524373]]]}}, {"type": "Feature", "properties": {"@id": "way/1468045783", "building": "yes", "height": "2.38"}, "geometry": {"type": "Polygon", "coordinates": [[[126.9612446, 37.5253098], [126.9613037, 37.525373], [126.9613908, 37.5253177], [126.9613238, 37.5252443], [126.9612446, 37.5253098]]]}}, {"type": "Feature", "properties": {"@id": "way/1468045784", "building": "yes", "height": "3.17"}, "geometry": {"type": "Polygon", "coordinates": [[[126.9612049, 37.5251485], [126.9612328, 37.5251327], [126.9612761, 37.5251811], [126.9612399, 37.5251972], [126.9612049, 37.5251485]]]}}, {"type": "Feature", "properties": {"@id": "way/1468045785", "building": "yes", "height": "3.93"}, "geometry": {"type": "Polygon", "coordinates": [[[126.9611677, 37.5253443], [126.9612541, 37.5252827], [126.9611982, 37.5252178], [126.9611087, 37.5252734], [126.9611677, 37.5253443]]]}}, {"type": "Feature", "properties": {"@id": "way/1468045786", "building": "yes", "height": "4.25"}, "geometry": {"type": "Polygon", "coordinates": [[[126.961252, 37.5252694], [126.9613166, 37.5252343], [126.9612761, 37.5251811], [126.9612072, 37.5252188], [126.961252, 37.5252694]]]}}, {"type": "Feature", "properties": {"@id": "way/1468045787", "building": "yes", "height": "7.11"}, "geometry": {"type": "Polygon", "coordinates": [[[126.9612635, 37.5254079], [126.961399, 37.5253247], [126.9614922, 37.5254297], [126.9614991, 37.525438], [126.9614685, 37.5254552], [126.9615684, 37.5255641], [126.9614661, 37.5256207], [126.9612635, 37.5254079]]]}}, {"type": "Feature", "properties": {"@id": "way/1468045788", "building": "residential", "height": "14.32"}, "geometry": {"type": "Polygon", "coordinates": [[[126.9615585, 37.5257096], [126.9616859, 37.5256351], [126.9616285, 37.5255718], [126.9614995, 37.5256482], [126.9615585, 37.5257096]]]}}, {"type": "Feature", "properties": {"@id": "way/1468045789", "building": "residential", "height": "15.58", "layer": "1"}, "geometry": {"type": "Polygon", "coordinates": [[[126.961651, 37.5258922], [126.9615531, 37.5257884], [126.9616371, 37.5257446], [126.9617268, 37.5258441], [126.961651, 37.5258922]]]}}, {"type": "Feature", "properties": {"@id": "way/1468045790", "building": "yes", "height": "3.81"}, "geometry": {"type": "Polygon", "coordinates": [[[126.9617483, 37.5257215], [126.9617044, 37.5256685], [126.9616224, 37.5257207], [126.9616736, 37.5257647], [126.9617483, 37.5257215]]]}}, {"type": "Feature", "properties": {"@id": "way/1468045791", "building": "yes", "height": "4.24"}, "geometry": {"type": "Polygon", "coordinates": [[[126.9617584, 37.5258485], [126.961827, 37.52581], [126.961761, 37.5257355], [126.9616955, 37.5257732], [126.9617584, 37.5258485]]]}}, {"type": "Feature", "properties": {"@id": "way/1468045792", "building": "yes", "height": "3.84"}, "geometry": {"type": "Polygon", "coordinates": [[[126.9601876, 37.5248277], [126.9602752, 37.5248881], [126.9603203, 37.5248453], [126.9602265, 37.5247933], [126.9601876, 37.5248277]]]}}, {"type": "Feature", "properties": {"@id": "way/1468045793", "building": "yes", "height": "3.98"}, "geometry": {"type": "Polygon", "coordinates": [[[126.9600522, 37.5249365], [126.9601796, 37.525013], [126.9602531, 37.5249484], [126.9601212, 37.5248691], [126.9600522, 37.5249365]]]}}, {"type": "Feature", "properties": {"@id": "way/1468045794", "building": "yes", "building:levels": "1", "height": "4.35"}, "geometry": {"type": "Polygon", "coordinates": [[[126.959994, 37.5250373], [126.9599285, 37.5250083], [126.9598929, 37.5249696], [126.9599051, 37.5249374], [126.9599269, 37.5249076], [126.9599701, 37.5248886], [126.9600586, 37.5249471], [126.9600464, 37.52496], [126.9600763, 37.5249704], [126.959994, 37.5250373]]]}}, {"type": "Feature", "properties": {"@id": "way/1468045795", "building": "yes", "building:levels": "1", "height": "2.88"}, "geometry": {"type": "Polygon", "coordinates": [[[126.9600191, 37.5250335], [126.9600617, 37.5250617], [126.9600979, 37.525027], [126.9600553, 37.5250039], [126.9600191, 37.5250335]]]}}, {"type": "Feature", "properties": {"@id": "way/1468045796", "building": "yes", "height": "4.02"}, "geometry": {"type": "Polygon", "coordinates": [[[126.9600485, 37.525085], [126.9602175, 37.5251796], [126.9602678, 37.5251249], [126.9601088, 37.5250244], [126.9600485, 37.525085]]]}}, {"type": "Feature", "properties": {"@id": "way/1468045797", "building": "yes", "height": "3.85"}, "geometry": {"type": "Polygon", "coordinates": [[[126.9599949, 37.5248909], [126.9600532, 37.5249249], [126.9601182, 37.5248558], [126.9600948, 37.5248441], [126.9600612, 37.5248595], [126.9600485, 37.5248829], [126.960021, 37.5248712], [126.9599949, 37.5248909]]]}}, {"type": "Feature", "properties": {"@id": "way/1468045798", "building": "yes", "height": "3.67"}, "geometry": {"type": "Polygon", "coordinates": [[[126.9600586, 37.5252511], [126.9601498, 37.5253388], [126.9602082, 37.5253053], [126.9601156, 37.5252064], [126.9600586, 37.5252511]]]}}, {"type": "Feature", "properties": {"@id": "way/1468045799", "building": "yes", "height": "4.66"}, "geometry": {"type": "Polygon", "coordinates": [[[126.9600506, 37.5252458], [126.959999, 37.5251942], [126.9600519, 37.5251586], [126.9601049, 37.5252038], [126.9600506, 37.5252458]]]}}, {"type": "Feature", "properties": {"@id": "way/1468045800", "building": "yes", "height": "2.72"}, "geometry": {"type": "Polygon", "coordinates": [[[126.9599923, 37.5251873], [126.9599621, 37.5251596], [126.9600164, 37.5251288], [126.9600519, 37.5251586], [126.9599923, 37.5251873]]]}}, {"type": "Feature", "properties": {"@id": "way/1468045801", "building": "yes", "height": "2.87"}, "geometry": {"type": "Polygon", "coordinates": [[[126.9602041, 37.5249104], [126.9602414, 37.5248756], [126.960191, 37.5248383], [126.9601101, 37.5248472], [126.9602041, 37.5249104]]]}}, {"type": "Feature", "properties": {"@id": "way/1468045802", "building": "yes", "height": "4"}, "geometry": {"type": "Polygon", "coordinates": [[[126.9601559, 37.5250442], [126.9602683, 37.5249453], [126.9604062, 37.5250216], [126.9603271, 37.5251018], [126.9602953, 37.525134], [126.9601559, 37.5250442]]]}}, {"type": "Feature", "properties": {"@id": "way/1468045803", "building": "yes", "height": "3.4"}, "geometry": {"type": "Polygon", "coordinates": [[[126.9604079, 37.5250143], [126.9603683, 37.5249877], [126.9604333, 37.5249106], [126.9604816, 37.5249377], [126.9604079, 37.5250143]]]}}, {"type": "Feature", "properties": {"@id": "way/1468045804", "building": "yes", "height": "7.42"}, "geometry": {"type": "Polygon", "coordinates": [[[126.96036, 37.5249806], [126.9603092, 37.5249516], [126.9603701, 37.5248915], [126.9604169, 37.5249149], [126.96036, 37.5249806]]]}}, {"type": "Feature", "properties": {"@id": "way/1468045805", "building": "yes"}, "geometry": {"type": "Polygon", "coordinates": [[[126.9604201, 37.5250206], [126.9604968, 37.5250642], [126.9605634, 37.5249892], [126.9604861, 37.5249432], [126.9604201, 37.5250206]]]}}, {"type": "Feature", "properties": {"@id": "way/1468045806", "building": "yes", "height": "3.38"}, "geometry": {"type": "Polygon", "coordinates": [[[126.9605415, 37.5250908], [126.9606696, 37.5251621], [126.9606994, 37.5250833], [126.9606038, 37.525027], [126.9605415, 37.5250908]]]}}, {"type": "Feature", "properties": {"@id": "way/1468045807", "building": "yes", "height": "4.27"}, "geometry": {"type": "Polygon", "coordinates": [[[126.9602512, 37.5252845], [126.9603184, 37.5253519], [126.9604166, 37.5252859], [126.9603574, 37.5252207], [126.9602512, 37.5252845]]]}}, {"type": "Feature", "properties": {"@id": "way/1468045808", "building": "yes", "height": "3.1"}, "geometry": {"type": "Polygon", "coordinates": [[[126.9602848, 37.5251498], [126.9604122, 37.5252263], [126.9604627, 37.5251814], [126.9603271, 37.5251018], [126.9602848, 37.5251498]]]}}, {"type": "Feature", "properties": {"@id": "way/1468045809", "building": "yes", "height": "3.52"}, "geometry": {"type": "Polygon", "coordinates": [[[126.9604442, 37.5251372], [126.9604999, 37.5250808], [126.9605488, 37.5251053], [126.9604925, 37.5251669], [126.9604442, 37.5251372]]]}}, {"type": "Feature", "properties": {"@id": "way/1468045810", "building": "yes", "height": "2.64"}, "geometry": {"type": "Polygon", "coordinates": [[[126.9604948, 37.5251733], [126.9605374, 37.5251992], [126.960601, 37.5251372], [126.9605488, 37.5251053], [126.9604948, 37.5251733]]]}}, {"type": "Feature", "properties": {"@id": "way/1468045811", "building": "yes", "height": "3.61"}, "geometry": {"type": "Polygon", "coordinates": [[[126.9604834, 37.5253029], [126.9605404, 37.5252986], [126.9605035, 37.5252215], [126.9604499, 37.5252295], [126.9604834, 37.5253029]]]}}, {"type": "Feature", "properties": {"@id": "way/1468045812", "building": "yes", "height": "2.67"}, "geometry": {"type": "Polygon", "coordinates": [[[126.9605304, 37.5252582], [126.9605649, 37.5252285], [126.9605257, 37.5252003], [126.9605035, 37.5252215], [126.9605304, 37.5252582]]]}}, {"type": "Feature", "properties": {"@id": "way/1468045813", "building": "yes", "height": "3.87"}, "geometry": {"type": "Polygon", "coordinates": [[[126.9605473, 37.5252021], [126.9605855, 37.5252269], [126.9606437, 37.5252646], [126.9606682, 37.5252378], [126.9606425, 37.5252225], [126.9606816, 37.5251771], [126.9606098, 37.5251382], [126.9605473, 37.5252021]]]}}, {"type": "Feature", "properties": {"@id": "way/1468045814", "building": "yes", "height": "2.39"}, "geometry": {"type": "Polygon", "coordinates": [[[126.9605394, 37.5252646], [126.9605738, 37.5252924], [126.9606199, 37.5252572], [126.9605855, 37.5252269], [126.9605779, 37.5252419], [126.9605394, 37.5252646]]]}}, {"type": "Feature", "properties": {"@id": "way/1468045815", "building": "yes", "height": "4.22"}, "geometry": {"type": "Polygon", "coordinates": [[[126.9603155, 37.5253654], [126.9604041, 37.5254503], [126.9605582, 37.5254173], [126.9605289, 37.5253073], [126.9603155, 37.5253654]]]}}, {"type": "Feature", "properties": {"@id": "way/1468045816", "building": "yes", "height": "2.62"}, "geometry": {"type": "Polygon", "coordinates": [[[126.9604842, 37.5255187], [126.9606367, 37.5255077], [126.9606575, 37.5254338], [126.9606429, 37.5254307], [126.960639, 37.5253605], [126.9605643, 37.525355], [126.9605736, 37.5254234], [126.9604673, 37.5254448], [126.9604842, 37.5255187]]]}}, {"type": "Feature", "properties": {"@id": "way/1468045817", "building": "yes", "height": "3.9"}, "geometry": {"type": "Polygon", "coordinates": [[[126.9612173, 37.5243835], [126.9613221, 37.524412], [126.9613683, 37.5243537], [126.9612565, 37.5243243], [126.9612173, 37.5243835]]]}}, {"type": "Feature", "properties": {"@id": "way/1468719144", "building": "house", "height": "4.66"}, "geometry": {"type": "Polygon", "coordinates": [[[126.9582309, 37.5246529], [126.958539, 37.5247018], [126.9585778, 37.5247882], [126.9588594, 37.5248105], [126.9588779, 37.5247152], [126.9586884, 37.5245711], [126.9584311, 37.5245075], [126.9582309, 37.5246529]]]}}, {"type": "Feature", "properties": {"@id": "way/1468719145", "building": "yes"}, "geometry": {"type": "Polygon", "coordinates": [[[126.9594183, 37.5247203], [126.9595558, 37.5247964], [126.9596667, 37.5247588], [126.959483, 37.5246591], [126.9594183, 37.5247203]]]}}, {"type": "Feature", "properties": {"@id": "way/1468719146", "building": "yes"}, "geometry": {"type": "Polygon", "coordinates": [[[126.9593524, 37.5247177], [126.9592948, 37.5246965], [126.9592334, 37.5247489], [126.959268, 37.5247986], [126.9593176, 37.5247683], [126.9593524, 37.5247177]]]}}, {"type": "Feature", "properties": {"@id": "way/1468719147", "building": "yes"}, "geometry": {"type": "Polygon", "coordinates": [[[126.9593647, 37.5247149], [126.9593198, 37.5247772], [126.9594111, 37.5248001], [126.9594721, 37.5247696], [126.9594312, 37.5247501], [126.9594072, 37.5247682], [126.9593829, 37.5247553], [126.959402, 37.5247335], [126.9593647, 37.5247149]]]}}, {"type": "Feature", "properties": {"@id": "way/1468719148", "building": "yes"}, "geometry": {"type": "Polygon", "coordinates": [[[126.9594627, 37.5246372], [126.9596694, 37.5247468], [126.9597027, 37.5247171], [126.9594896, 37.524614], [126.9594627, 37.5246372]]]}}, {"type": "Feature", "properties": {"@id": "way/1468719149", "building": "yes"}, "geometry": {"type": "Polygon", "coordinates": [[[126.9593888, 37.5247053], [126.9594572, 37.5246402], [126.9593954, 37.5245991], [126.9593322, 37.5246697], [126.9593888, 37.5247053]]]}}, {"type": "Feature", "properties": {"@id": "way/1470098228", "building": "yes", "height": "10.55"}, "geometry": {"type": "Polygon", "coordinates": [[[126.9599475, 37.5245337], [126.9600298, 37.5245824], [126.9601136, 37.5245231], [126.9600113, 37.5244552], [126.9599475, 37.5245337]]]}}, {"type": "Feature", "properties": {"@id": "way/1470098229", "building": "yes", "height": "8.5"}, "geometry": {"type": "Polygon", "coordinates": [[[126.9595797, 37.5250168], [126.9595368, 37.5249413], [126.9595951, 37.5249242], [126.9596025, 37.5249397], [126.959715, 37.5249172], [126.9597065, 37.5249593], [126.959687, 37.524979], [126.9595797, 37.5250168]]]}}, {"type": "Feature", "properties": {"@id": "way/1470098230", "building": "yes", "height": "3.73"}, "geometry": {"type": "Polygon", "coordinates": [[[126.9599867, 37.5244228], [126.9600238, 37.5243857], [126.9600629, 37.5244087], [126.9600822, 37.5243894], [126.9601534, 37.5244309], [126.9600883, 37.5244837], [126.9599867, 37.5244228]]]}}, {"type": "Feature", "properties": {"@id": "way/1470098231", "building": "yes", "height": "3.44"}, "geometry": {"type": "Polygon", "coordinates": [[[126.9601757, 37.5245329], [126.960098, 37.5244861], [126.9601579, 37.5244369], [126.9601925, 37.5244623], [126.9601803, 37.5244724], [126.9602184, 37.5244897], [126.9601757, 37.5245329]]]}}, {"type": "Feature", "properties": {"@id": "way/1470098232", "building": "yes", "height": "4.93"}, "geometry": {"type": "Polygon", "coordinates": [[[126.9601834, 37.5244196], [126.960257, 37.5244591], [126.9603104, 37.5244055], [126.9602408, 37.5243612], [126.9601834, 37.5244196]]]}}, {"type": "Feature", "properties": {"@id": "way/1470098233", "building": "yes", "height": "4.91"}, "geometry": {"type": "Polygon", "coordinates": [[[126.9600802, 37.5243817], [126.9601585, 37.5244273], [126.9602179, 37.5243741], [126.9601483, 37.5243305], [126.9600802, 37.5243817]]]}}, {"type": "Feature", "properties": {"@id": "way/1470098234", "building": "yes", "height": "3.96"}, "geometry": {"type": "Polygon", "coordinates": [[[126.9601823, 37.5243164], [126.9602809, 37.52437], [126.9603317, 37.5243285], [126.9603007, 37.5243136], [126.9602738, 37.524335], [126.9602042, 37.5242943], [126.9601823, 37.5243164]]]}}, {"type": "Feature", "properties": {"@id": "way/1470098235", "building": "yes", "height": "6.86"}, "geometry": {"type": "Polygon", "coordinates": [[[126.9602392, 37.5242561], [126.96034, 37.5243112], [126.9604148, 37.5242364], [126.9603064, 37.5241806], [126.9602392, 37.5242561]]]}}, {"type": "Feature", "properties": {"@id": "way/1470098236", "building": "yes", "height": "3.34"}, "geometry": {"type": "Polygon", "coordinates": [[[126.9604175, 37.5243615], [126.9603453, 37.5243212], [126.9604236, 37.5242434], [126.9604942, 37.5242897], [126.9604175, 37.5243615]]]}}, {"type": "Feature", "properties": {"@id": "way/1470160775", "building": "yes", "height": "7.52"}, "geometry": {"type": "Polygon", "coordinates": [[[126.9597371, 37.524267], [126.9599144, 37.5243693], [126.9599735, 37.5243013], [126.9597959, 37.524203], [126.9597371, 37.524267]]]}}, {"type": "Feature", "properties": {"@id": "way/1470160776", "building": "yes", "height": "13.14"}, "geometry": {"type": "Polygon", "coordinates": [[[126.9596612, 37.5243632], [126.9598381, 37.5244755], [126.9599275, 37.5243969], [126.9597382, 37.5242797], [126.9596612, 37.5243632]]]}}, {"type": "Feature", "properties": {"@id": "way/1470160779", "building": "yes", "height": "3.23"}, "geometry": {"type": "Polygon", "coordinates": [[[126.9600394, 37.5242083], [126.9601106, 37.5242497], [126.960166, 37.5241954], [126.960091, 37.5241474], [126.9600394, 37.5242083]]]}}, {"type": "Feature", "properties": {"@id": "way/1470160780", "building": "yes", "height": "9.72"}, "geometry": {"type": "Polygon", "coordinates": [[[126.9598241, 37.5241877], [126.960006, 37.5242919], [126.9600568, 37.5242386], [126.9598724, 37.524128], [126.9598241, 37.5241877]]]}}, {"type": "Feature", "properties": {"@id": "way/1470160781", "building": "yes", "height": "4.22"}, "geometry": {"type": "Polygon", "coordinates": [[[126.9601682, 37.5242182], [126.9602212, 37.5242486], [126.9601628, 37.524309], [126.9599779, 37.5244017], [126.9599305, 37.5243668], [126.9601682, 37.5242182]]]}}, {"type": "Feature", "properties": {"@id": "way/1474986964", "building": "yes"}, "geometry": {"type": "Polygon", "coordinates": [[[126.9596187, 37.5246145], [126.9596912, 37.5246589], [126.9597366, 37.5246099], [126.9596632, 37.5245684], [126.9596187, 37.5246145]]]}}, {"type": "Feature", "properties": {"@id": "way/1475022306", "building": "house", "building:levels": "1", "height": "3.7"}, "geometry": {"type": "Polygon", "coordinates": [[[126.9612219, 37.5250891], [126.9611693, 37.5250337], [126.9612508, 37.5249725], [126.9613034, 37.525032], [126.9612702, 37.5250567], [126.9612219, 37.5250891]]]}}, {"type": "Feature", "properties": {"@id": "way/1475022307", "building": "house", "building:levels": "1", "height": "3.8"}, "geometry": {"type": "Polygon", "coordinates": [[[126.9613098, 37.525024], [126.961262, 37.5249678], [126.9613371, 37.5249121], [126.9613897, 37.5249763], [126.9613098, 37.525024]]]}}, {"type": "Feature", "properties": {"@id": "way/1475539638", "building": "house", "building:levels": "1", "height": "4"}, "geometry": {"type": "Polygon", "coordinates": [[[126.9612807, 37.5251562], [126.961248, 37.525121], [126.9612293, 37.5250978], [126.9612748, 37.5250691], [126.9613169, 37.5250339], [126.9613729, 37.5251015], [126.9612807, 37.5251562]]]}}, {"type": "Feature", "properties": {"@id": "way/1475539639", "building": "house", "building:levels": "1", "height": "3.9"}, "geometry": {"type": "Polygon", "coordinates": [[[126.9613776, 37.525095], [126.9613239, 37.5250293], [126.9613542, 37.5250099], [126.9613741, 37.5250321], [126.9613974, 37.5250228], [126.9613834, 37.524996], [126.9614091, 37.5249812], [126.9614651, 37.5250488], [126.9613776, 37.525095]]]}}, {"type": "Feature", "properties": {"@id": "way/1475539640", "building": "house", "building:levels": "1", "height": "3.56"}, "geometry": {"type": "Polygon", "coordinates": [[[126.9613379, 37.52522], [126.9612865, 37.5251626], [126.961464, 37.5250571], [126.9614873, 37.5250923], [126.9615352, 37.5251071], [126.9613379, 37.52522]]]}}, {"type": "Feature", "properties": {"@id": "way/1475539641", "building": "house", "building:levels": "1", "height": "3.5"}, "geometry": {"type": "Polygon", "coordinates": [[[126.9615324, 37.5252722], [126.961497, 37.5252301], [126.9615333, 37.5252034], [126.961543, 37.5252195], [126.9615988, 37.525188], [126.9616289, 37.5252238], [126.9615324, 37.5252722]]]}}, {"type": "Feature", "properties": {"@id": "way/1475539642", "building": "house", "building:levels": "1", "height": "3.93"}, "geometry": {"type": "Polygon", "coordinates": [[[126.9614127, 37.5249018], [126.9615207, 37.5248384], [126.9615977, 37.5249194], [126.9614944, 37.5249833], [126.9614127, 37.5249018]]]}}, {"type": "Feature", "properties": {"@id": "way/1475539643", "building": "house", "building:levels": "1", "height": "4.86"}, "geometry": {"type": "Polygon", "coordinates": [[[126.961518, 37.5248306], [126.9615844, 37.5247929], [126.9616245, 37.5248257], [126.9615973, 37.5248445], [126.9616448, 37.5248927], [126.9615977, 37.5249194], [126.961518, 37.5248306]]]}}, {"type": "Feature", "properties": {"@id": "way/1475539644", "building": "yes", "building:levels": "3", "height": "8.4"}, "geometry": {"type": "Polygon", "coordinates": [[[126.9615961, 37.52479], [126.9616722, 37.5247383], [126.9617512, 37.5248193], [126.9616705, 37.524867], [126.9615961, 37.52479]]]}}, {"type": "Feature", "properties": {"@id": "way/1475539646", "building": "yes", "height": "4.6"}, "geometry": {"type": "Polygon", "coordinates": [[[126.9619137, 37.5246161], [126.9619947, 37.524696], [126.9619123, 37.5247466], [126.9618248, 37.5246687], [126.9619137, 37.5246161]]]}}, {"type": "Feature", "properties": {"@id": "way/1475583745", "building": "yes", "height": "3"}, "geometry": {"type": "Polygon", "coordinates": [[[126.9619639, 37.5248035], [126.9619155, 37.5247498], [126.9619954, 37.5246975], [126.9620468, 37.5247577], [126.9620049, 37.5247809], [126.9619639, 37.5248035]]]}}, {"type": "Feature", "properties": {"@id": "way/1475583747", "building": "yes", "building:levels": "6", "height": "17"}, "geometry": {"type": "Polygon", "coordinates": [[[126.9618565, 37.5248692], [126.9619469, 37.5248138], [126.9620515, 37.5249207], [126.9619639, 37.5249753], [126.9618565, 37.5248692]]]}}, {"type": "Feature", "properties": {"@id": "way/1475583749", "building": "yes", "height": "4.9"}, "geometry": {"type": "Polygon", "coordinates": [[[126.9616689, 37.524683], [126.9616159, 37.5246276], [126.9618325, 37.5244942], [126.9618922, 37.5245543], [126.9616689, 37.524683]]]}}, {"type": "Feature", "properties": {"@id": "way/1475583750", "building": "yes", "height": "18.5"}, "geometry": {"type": "Polygon", "coordinates": [[[126.961978, 37.5244813], [126.9618956, 37.5243963], [126.9620208, 37.5243217], [126.9621091, 37.5244092], [126.961978, 37.5244813]]]}}, {"type": "Feature", "properties": {"@id": "way/1475583751", "building": "yes", "height": "11.95"}, "geometry": {"type": "Polygon", "coordinates": [[[126.9620582, 37.5243341], [126.9621325, 37.5244121], [126.9622641, 37.5243436], [126.9621809, 37.5242585], [126.9620582, 37.5243341]]]}}, {"type": "Feature", "properties": {"@id": "way/1475583752", "building": "yes", "height": "9.2"}, "geometry": {"type": "Polygon", "coordinates": [[[126.9615775, 37.5243988], [126.9616242, 37.5244515], [126.9617141, 37.5244136], [126.9616534, 37.5243478], [126.9615775, 37.5243988]]]}}, {"type": "Feature", "properties": {"@id": "way/1475583753", "building": "yes", "height": "8.8"}, "geometry": {"type": "Polygon", "coordinates": [[[126.9616406, 37.5244682], [126.9617024, 37.5245256], [126.9617935, 37.5244728], [126.9617281, 37.5244136], [126.9616406, 37.5244682]]]}}, {"type": "Feature", "properties": {"@id": "way/1475583754", "building": "house", "height": "4"}, "geometry": {"type": "Polygon", "coordinates": [[[126.9616125, 37.5245932], [126.9616534, 37.5245682], [126.9616324, 37.5245432], [126.9616779, 37.5245182], [126.9616347, 37.5244812], [126.9615542, 37.5245349], [126.9616125, 37.5245932]]]}}, {"type": "Feature", "properties": {"@id": "way/1475583755", "building": "house", "height": "3.5"}, "geometry": {"type": "Polygon", "coordinates": [[[126.961546, 37.524521], [126.9614841, 37.5244525], [126.9615577, 37.5244062], [126.9616184, 37.5244728], [126.961546, 37.524521]]]}}, {"type": "Feature", "properties": {"@id": "way/1475583756", "building": "house", "height": "4"}, "geometry": {"type": "Polygon", "coordinates": [[[126.9603424, 37.5244599], [126.9603088, 37.5244405], [126.9604013, 37.5243631], [126.9604643, 37.5243897], [126.9603424, 37.5244599]]]}}, {"type": "Feature", "properties": {"@id": "way/1475583757", "building": "house", "height": "3.85"}, "geometry": {"type": "Polygon", "coordinates": [[[126.9605467, 37.5243156], [126.9606161, 37.5242548], [126.9605389, 37.5241993], [126.9605142, 37.5242172], [126.9604837, 37.5242003], [126.9604359, 37.5242438], [126.9605467, 37.5243156]]]}}, {"type": "Feature", "properties": {"@id": "way/1475583758", "building": "yes", "height": "5.05"}, "geometry": {"type": "Polygon", "coordinates": [[[126.9604227, 37.5242366], [126.9603973, 37.5242205], [126.9604481, 37.5241705], [126.9604786, 37.5241915], [126.9604227, 37.5242366]]]}}, {"type": "Feature", "properties": {"@id": "way/1475583759", "building": "yes", "height": "4"}, "geometry": {"type": "Polygon", "coordinates": [[[126.9603932, 37.5242164], [126.9602987, 37.5241689], [126.9603343, 37.5241383], [126.9603739, 37.5241568], [126.9603891, 37.5241479], [126.9603983, 37.5241536], [126.9604115, 37.5241439], [126.9604227, 37.5241536], [126.9604308, 37.5241447], [126.9604532, 37.5241616], [126.9603932, 37.5242164]]]}}, {"type": "Feature", "properties": {"@id": "way/1475583760", "building": "yes", "height": "5.9"}, "geometry": {"type": "Polygon", "coordinates": [[[126.9603476, 37.5241051], [126.9603746, 37.524121], [126.960427, 37.5240642], [126.9603993, 37.5240477], [126.9603476, 37.5241051]]]}}, {"type": "Feature", "properties": {"@id": "way/1475583761", "building": "yes", "height": "3.1"}, "geometry": {"type": "Polygon", "coordinates": [[[126.96039, 37.5241173], [126.9604254, 37.5241363], [126.9604709, 37.5240905], [126.9604324, 37.5240691], [126.96039, 37.5241173]]]}}, {"type": "Feature", "properties": {"@id": "way/1475583762", "building": "yes", "height": "3.2"}, "geometry": {"type": "Polygon", "coordinates": [[[126.9604324, 37.5241399], [126.9604678, 37.5241607], [126.9605163, 37.524118], [126.9604747, 37.5240941], [126.9604324, 37.5241399]]]}}, {"type": "Feature", "properties": {"@id": "way/1475583763", "building": "yes", "height": "4"}, "geometry": {"type": "Polygon", "coordinates": [[[126.9604208, 37.5240489], [126.9605194, 37.5241088], [126.9605772, 37.5240538], [126.9604817, 37.5240049], [126.960464, 37.5240202], [126.9604485, 37.5240147], [126.9604208, 37.5240489]]]}}, {"type": "Feature", "properties": {"@id": "way/1475599505", "building": "yes", "height": "3.8"}, "geometry": {"type": "Polygon", "coordinates": [[[126.9606807, 37.5242057], [126.9607315, 37.5241575], [126.9606965, 37.5241367], [126.9607017, 37.5241307], [126.9606737, 37.5241057], [126.9606591, 37.5241131], [126.9605908, 37.5240774], [126.9605552, 37.524108], [126.9606504, 37.524189], [126.9606807, 37.5242057]]]}}, {"type": "Feature", "properties": {"@id": "way/1475599506", "building": "yes", "height": "3.65"}, "geometry": {"type": "Polygon", "coordinates": [[[126.9605026, 37.523946], [126.9604456, 37.5239155], [126.9605526, 37.5237969], [126.9606058, 37.5238281], [126.9605026, 37.523946]]]}}, {"type": "Feature", "properties": {"@id": "way/1475599507", "building": "yes", "height": "4.3"}, "geometry": {"type": "Polygon", "coordinates": [[[126.9604833, 37.5239991], [126.9605796, 37.5240492], [126.9606256, 37.5240052], [126.9605287, 37.5239509], [126.9604833, 37.5239991]]]}}, {"type": "Feature", "properties": {"@id": "way/1475599508", "building": "yes", "height": "3.5"}, "geometry": {"type": "Polygon", "coordinates": [[[126.9606011, 37.52407], [126.9606266, 37.5240443], [126.9606943, 37.5240853], [126.9607352, 37.5240535], [126.9608053, 37.5240951], [126.9607436, 37.5241531], [126.9606936, 37.5241134], [126.9606011, 37.52407]]]}}, {"type": "Feature", "properties": {"@id": "way/1475599509", "building": "yes", "height": "4.4"}, "geometry": {"type": "Polygon", "coordinates": [[[126.9607316, 37.5240489], [126.9606471, 37.524009], [126.9607128, 37.5239409], [126.9607993, 37.5239824], [126.9607316, 37.5240489]]]}}, {"type": "Feature", "properties": {"@id": "way/1475599510", "building": "yes", "height": "3.3"}, "geometry": {"type": "Polygon", "coordinates": [[[126.9606277, 37.5239936], [126.9606941, 37.5239111], [126.960627, 37.5238542], [126.9605365, 37.5239356], [126.9606277, 37.5239936]]]}}, {"type": "Feature", "properties": {"@id": "way/1475599511", "building": "yes", "height": "4.7"}, "geometry": {"type": "Polygon", "coordinates": [[[126.9606163, 37.5238362], [126.9607048, 37.5238968], [126.9607651, 37.5238197], [126.9606961, 37.5237755], [126.960686, 37.5237894], [126.9606686, 37.5237808], [126.9606163, 37.5238362]]]}}, {"type": "Feature", "properties": {"@id": "way/1475599512", "building": "yes", "height": "3.4"}, "geometry": {"type": "Polygon", "coordinates": [[[126.9606136, 37.5238266], [126.9605553, 37.5237931], [126.9606069, 37.5237484], [126.9606666, 37.5237766], [126.9606136, 37.5238266]]]}}, {"type": "Feature", "properties": {"@id": "way/1475599513", "building": "yes", "height": "4.3"}, "geometry": {"type": "Polygon", "coordinates": [[[126.9607403, 37.5240499], [126.9608054, 37.5240856], [126.9608798, 37.5240271], [126.9608027, 37.5239893], [126.9607403, 37.5240499]]]}}, {"type": "Feature", "properties": {"@id": "way/1475599514", "building": "yes", "height": "3.6"}, "geometry": {"type": "Polygon", "coordinates": [[[126.9607524, 37.5239521], [126.9608428, 37.5239981], [126.9608931, 37.523928], [126.960796, 37.5238893], [126.9607524, 37.5239521]]]}}, {"type": "Feature", "properties": {"@id": "way/1475599515", "building": "yes", "height": "4.92"}, "geometry": {"type": "Polygon", "coordinates": [[[126.9607605, 37.5238707], [126.960851, 37.5239042], [126.9609147, 37.5237973], [126.9608349, 37.523766], [126.9607605, 37.5238707]]]}}, {"type": "Feature", "properties": {"@id": "way/1475599516", "building": "yes", "height": "2.75"}, "geometry": {"type": "Polygon", "coordinates": [[[126.9608577, 37.5239042], [126.960918, 37.5238005], [126.9609542, 37.5238117], [126.9609341, 37.5238431], [126.9609636, 37.5238505], [126.9609194, 37.5239212], [126.9608577, 37.5239042]]]}}, {"type": "Feature", "properties": {"@id": "way/1475599517", "building": "yes", "height": "3.2"}, "geometry": {"type": "Polygon", "coordinates": [[[126.9596924, 37.5246959], [126.9597379, 37.5247172], [126.9597625, 37.5246983], [126.9597835, 37.524716], [126.9598442, 37.5246885], [126.9597487, 37.5246287], [126.9596924, 37.5246959]]]}}, {"type": "Feature", "properties": {"@id": "way/1475599518", "building": "yes", "height": "2.83"}, "geometry": {"type": "Polygon", "coordinates": [[[126.959502, 37.5246121], [126.9595603, 37.5246424], [126.9595905, 37.5246031], [126.9595462, 37.5245765], [126.959502, 37.5246121]]]}}, {"type": "Feature", "properties": {"@id": "way/1475599519", "building": "yes", "height": "3.58"}, "geometry": {"type": "Polygon", "coordinates": [[[126.9596086, 37.5246121], [126.9596582, 37.52456], [126.959622, 37.5245403], [126.9595958, 37.5245717], [126.9595643, 37.5245589], [126.9595502, 37.5245744], [126.9596086, 37.5246121]]]}}, {"type": "Feature", "properties": {"@id": "way/1475599520", "building": "yes", "height": "3"}, "geometry": {"type": "Polygon", "coordinates": [[[126.959565, 37.5246446], [126.9596716, 37.5246977], [126.9596897, 37.5246669], [126.9595952, 37.5246116], [126.959565, 37.5246446]]]}}, {"type": "Feature", "properties": {"@id": "way/1475599521", "building": "yes", "height": "3.82"}, "geometry": {"type": "Polygon", "coordinates": [[[126.95975, 37.5246191], [126.9598269, 37.5245405], [126.9599508, 37.5246205], [126.9598535, 37.5246809], [126.95975, 37.5246191]]]}}, {"type": "Feature", "properties": {"@id": "way/1475599522", "building": "yes", "height": "3.5"}, "geometry": {"type": "Polygon", "coordinates": [[[126.9594791, 37.5245954], [126.9595525, 37.524544], [126.9595049, 37.5245121], [126.9594722, 37.5245326], [126.9594374, 37.5245178], [126.959398, 37.5245468], [126.9594791, 37.5245954]]]}}, {"type": "Feature", "properties": {"@id": "way/1475599523", "building": "yes", "height": "3.2"}, "geometry": {"type": "Polygon", "coordinates": [[[126.9596539, 37.5245486], [126.9597438, 37.5246042], [126.9598104, 37.5245505], [126.9597829, 37.5245264], [126.9597386, 37.5245574], [126.9596814, 37.524525], [126.9596539, 37.5245486]]]}}, {"type": "Feature", "properties": {"@id": "way/1475599524", "building": "yes", "height": "3.3"}, "geometry": {"type": "Polygon", "coordinates": [[[126.959637, 37.5245426], [126.9595897, 37.524513], [126.9596656, 37.5244412], [126.9597257, 37.5244792], [126.959637, 37.5245426]]]}}, {"type": "Feature", "properties": {"@id": "way/1475599525", "building": "yes", "height": "11.7"}, "geometry": {"type": "Polygon", "coordinates": [[[126.9590436, 37.5242427], [126.9592473, 37.5243752], [126.9593305, 37.5243018], [126.9591133, 37.5241794], [126.9590436, 37.5242427]]]}}, {"type": "Feature", "properties": {"@id": "way/1476073386", "building": "yes", "height": "3.9"}, "geometry": {"type": "Polygon", "coordinates": [[[126.96102, 37.5234997], [126.9609472, 37.5234481], [126.9610376, 37.5233779], [126.9611123, 37.5233623], [126.9611276, 37.5233811], [126.96102, 37.5234997]]]}}, {"type": "Feature", "properties": {"@id": "way/1476073387", "building": "house", "height": "4.77"}, "geometry": {"type": "Polygon", "coordinates": [[[126.9607723, 37.5238027], [126.9608221, 37.5237439], [126.960752, 37.5237125], [126.9607002, 37.523764], [126.9607723, 37.5238027]]]}}, {"type": "Feature", "properties": {"@id": "way/1476073388", "building": "house", "height": "4"}, "geometry": {"type": "Polygon", "coordinates": [[[126.9606849, 37.5237608], [126.9606229, 37.5237318], [126.9606422, 37.5236907], [126.9606646, 37.5237028], [126.9606839, 37.5236931], [126.9607307, 37.5237149], [126.9606849, 37.5237608]]]}}, {"type": "Feature", "properties": {"@id": "way/1476073389", "building": "house", "height": "3.5"}, "geometry": {"type": "Polygon", "coordinates": [[[126.960752, 37.5237052], [126.9608211, 37.523735], [126.960873, 37.5236762], [126.9607906, 37.5236472], [126.960752, 37.5237052]]]}}, {"type": "Feature", "properties": {"@id": "way/1476073390", "building": "house", "height": "4.6"}, "geometry": {"type": "Polygon", "coordinates": [[[126.9606565, 37.5236738], [126.9607327, 37.5237012], [126.9607815, 37.5236439], [126.9606992, 37.5236125], [126.9606565, 37.5236738]]]}}, {"type": "Feature", "properties": {"@id": "way/1476073391", "building": "house", "height": "3.75"}, "geometry": {"type": "Polygon", "coordinates": [[[126.9607175, 37.5236133], [126.9607764, 37.5236343], [126.9608333, 37.5235754], [126.9607835, 37.5235424], [126.9607175, 37.5236133]]]}}, {"type": "Feature", "properties": {"@id": "way/1476073392", "building": "yes", "height": "3.7"}, "geometry": {"type": "Polygon", "coordinates": [[[126.9607947, 37.5236407], [126.960877, 37.5236681], [126.9609167, 37.523623], [126.9608404, 37.5235843], [126.9607947, 37.5236407]]]}}, {"type": "Feature", "properties": {"@id": "way/1476073393", "building": "yes", "height": "3"}, "geometry": {"type": "Polygon", "coordinates": [[[126.9608435, 37.5235787], [126.9609187, 37.5236141], [126.9609695, 37.5235569], [126.9608933, 37.5235174], [126.9608435, 37.5235787]]]}}, {"type": "Feature", "properties": {"@id": "way/1476073394", "building": "house", "height": "3.7"}, "geometry": {"type": "Polygon", "coordinates": [[[126.9608388, 37.5235681], [126.9608674, 37.5235399], [126.9608511, 37.5235311], [126.9608902, 37.5235098], [126.9608639, 37.5234871], [126.9607863, 37.5235297], [126.9608388, 37.5235681]]]}}, {"type": "Feature", "properties": {"@id": "way/1476073395", "building": "house", "height": "3.7"}, "geometry": {"type": "Polygon", "coordinates": [[[126.960969, 37.5235505], [126.9608808, 37.5234903], [126.9609345, 37.523451], [126.9610157, 37.5235079], [126.960969, 37.5235505]]]}}, {"type": "Feature", "properties": {"@id": "way/1476073396", "building": "yes", "height": "25.5"}, "geometry": {"type": "Polygon", "coordinates": [[[126.95918, 37.5240517], [126.9591741, 37.5240831], [126.9593858, 37.52419], [126.9594302, 37.5241455], [126.9594052, 37.524117], [126.9594936, 37.5240383], [126.9594271, 37.5239776], [126.95918, 37.5240517]]]}}, {"type": "Feature", "properties": {"@id": "way/1476073397", "building": "yes", "height": "14.8"}, "geometry": {"type": "Polygon", "coordinates": [[[126.9594181, 37.5241896], [126.9595892, 37.5242933], [126.9596618, 37.5242054], [126.9594953, 37.5241039], [126.9594181, 37.5241896]]]}}, {"type": "Feature", "properties": {"@id": "way/1476073398", "building": "yes", "height": "2.5"}, "geometry": {"type": "Polygon", "coordinates": [[[126.9598558, 37.524493], [126.9598927, 37.5244621], [126.9599282, 37.524477], [126.9599684, 37.5244302], [126.9600113, 37.5244552], [126.9599349, 37.5245377], [126.9598558, 37.524493]]]}}, {"type": "Feature", "properties": {"@id": "way/1476084462", "building": "yes", "height": "5.85"}, "geometry": {"type": "Polygon", "coordinates": [[[126.9585721, 37.5250116], [126.9585806, 37.5249231], [126.9589356, 37.5249559], [126.9589159, 37.5250379], [126.9585721, 37.5250116]]]}}, {"type": "Feature", "properties": {"@id": "way/1482512488", "building": "yes", "height": "3"}, "geometry": {"type": "Polygon", "coordinates": [[[126.9613929, 37.5252827], [126.9613392, 37.5252263], [126.9614123, 37.5251817], [126.96147, 37.5252327], [126.9613929, 37.5252827]]]}}, {"type": "Feature", "properties": {"@id": "way/1482512489", "building": "house", "height": "4.5"}, "geometry": {"type": "Polygon", "coordinates": [[[126.9614727, 37.5252237], [126.9614385, 37.5251891], [126.9614553, 37.5251737], [126.9614432, 37.5251641], [126.9615304, 37.5251194], [126.9615766, 37.5251748], [126.9614727, 37.5252237]]]}}, {"type": "Feature", "properties": {"@id": "way/1482512490", "building": "house", "height": "3.8"}, "geometry": {"type": "Polygon", "coordinates": [[[126.9614495, 37.5253255], [126.9614064, 37.5252876], [126.9614849, 37.5252394], [126.9615304, 37.525287], [126.9614495, 37.5253255]]]}}, {"type": "Feature", "properties": {"@id": "way/1482512491", "building": "house", "height": "3"}, "geometry": {"type": "Polygon", "coordinates": [[[126.9614503, 37.5253371], [126.9614965, 37.5253774], [126.9616134, 37.5253034], [126.961622, 37.525298], [126.9615851, 37.5252583], [126.9614503, 37.5253371]]]}}, {"type": "Feature", "properties": {"@id": "way/1482512492", "building": "house", "height": "3.5"}, "geometry": {"type": "Polygon", "coordinates": [[[126.9616259, 37.5252925], [126.9615928, 37.5252571], [126.9616313, 37.5252302], [126.9616659, 37.5252663], [126.9616259, 37.5252925]]]}}, {"type": "Feature", "properties": {"@id": "way/1482512493", "building": "yes", "height": "8.2"}, "geometry": {"type": "Polygon", "coordinates": [[[126.9616236, 37.5253048], [126.9616744, 37.5252748], [126.9617167, 37.5253188], [126.9616691, 37.5253475], [126.9616236, 37.5253048]]]}}, {"type": "Feature", "properties": {"@id": "way/1482512495", "building": "house", "height": "4.2"}, "geometry": {"type": "Polygon", "coordinates": [[[126.9616065, 37.5251164], [126.9615335, 37.5250461], [126.961647, 37.52498], [126.9617075, 37.5250507], [126.9616065, 37.5251164]]]}}, {"type": "Feature", "properties": {"@id": "way/1482512496", "building": "yes", "height": "7.8"}, "geometry": {"type": "Polygon", "coordinates": [[[126.9617056, 37.5250411], [126.9616504, 37.5249772], [126.9617513, 37.5249201], [126.9617722, 37.5249486], [126.9618133, 37.5249259], [126.9618497, 37.5249615], [126.9617056, 37.5250411]]]}}, {"type": "Feature", "properties": {"@id": "way/1482512497", "building": "house", "height": "3"}, "geometry": {"type": "Polygon", "coordinates": [[[126.961533, 37.5254211], [126.9614977, 37.5253801], [126.9616134, 37.5253034], [126.9616597, 37.5253488], [126.961533, 37.5254211]]]}}, {"type": "Feature", "properties": {"@id": "way/1482512498", "building": "yes", "height": "6.6"}, "geometry": {"type": "Polygon", "coordinates": [[[126.9617809, 37.5251169], [126.9617152, 37.5250486], [126.9618266, 37.5249803], [126.9618924, 37.5250543], [126.9617809, 37.5251169]]]}}, {"type": "Feature", "properties": {"@id": "way/1482512499", "building": "yes", "height": "3"}, "geometry": {"type": "Polygon", "coordinates": [[[126.9617752, 37.5251211], [126.9616597, 37.5251885], [126.9616356, 37.5251632], [126.9616904, 37.5251263], [126.9616503, 37.5250912], [126.9617065, 37.5250554], [126.9617752, 37.5251211]]]}}, {"type": "Feature", "properties": {"@id": "way/1482512500", "building": "yes", "height": "6.1"}, "geometry": {"type": "Polygon", "coordinates": [[[126.9622622, 37.5247435], [126.9621396, 37.5246092], [126.9622879, 37.5245305], [126.9623323, 37.5245796], [126.9623942, 37.5245435], [126.96247, 37.5246361], [126.9622622, 37.5247435]]]}}, {"type": "Feature", "properties": {"@id": "way/1482512501", "building": "yes", "height": "2.8"}, "geometry": {"type": "Polygon", "coordinates": [[[126.9613254, 37.5241394], [126.9613481, 37.52412], [126.9613647, 37.5241305], [126.9614341, 37.5240744], [126.9613841, 37.5240504], [126.9614138, 37.5240163], [126.9613338, 37.5239881], [126.9612573, 37.5241049], [126.9613254, 37.5241394]]]}}, {"type": "Feature", "properties": {"@id": "way/1482512502", "building": "yes", "height": "3"}, "geometry": {"type": "Polygon", "coordinates": [[[126.9611995, 37.5240845], [126.9612547, 37.5241035], [126.9612906, 37.5240476], [126.9612254, 37.5240234], [126.9611995, 37.5240845]]]}}, {"type": "Feature", "properties": {"@id": "way/1482512503", "building": "yes", "height": "8"}, "geometry": {"type": "Polygon", "coordinates": [[[126.9612375, 37.5240229], [126.9612911, 37.5240385], [126.9613234, 37.523966], [126.9612741, 37.5239503], [126.9612375, 37.5240229]]]}}, {"type": "Feature", "properties": {"@id": "way/1482512504", "building": "yes", "height": "2.5"}, "geometry": {"type": "Polygon", "coordinates": [[[126.9612677, 37.5239382], [126.9614197, 37.5239927], [126.961454, 37.5239554], [126.9613497, 37.5239014], [126.9613697, 37.5238733], [126.9613037, 37.523857], [126.9612677, 37.5239382]]]}}, {"type": "Feature", "properties": {"@id": "way/1482527224", "building": "house", "height": "3.7"}, "geometry": {"type": "Polygon", "coordinates": [[[126.9587904, 37.5244994], [126.9588506, 37.5245428], [126.9589204, 37.5244908], [126.9588791, 37.5244613], [126.9588514, 37.5244835], [126.958831, 37.5244688], [126.9587904, 37.5244994]]]}}, {"type": "Feature", "properties": {"@id": "way/1482527225", "building": "house", "height": "2.8"}, "geometry": {"type": "Polygon", "coordinates": [[[126.9587753, 37.5245994], [126.9587111, 37.5245566], [126.9587821, 37.5245006], [126.9588455, 37.5245462], [126.9587753, 37.5245994]]]}}, {"type": "Feature", "properties": {"@id": "way/1482527226", "building": "house", "height": "4.2"}, "geometry": {"type": "Polygon", "coordinates": [[[126.9588532, 37.5245531], [126.9589346, 37.5246029], [126.958862, 37.5246703], [126.9587886, 37.524612], [126.9588532, 37.5245531]]]}}, {"type": "Feature", "properties": {"@id": "way/1482527227", "building": "house", "height": "4.8"}, "geometry": {"type": "Polygon", "coordinates": [[[126.9588593, 37.5245503], [126.9589372, 37.5245945], [126.9590065, 37.5245273], [126.9589441, 37.5244828], [126.9588593, 37.5245503]]]}}, {"type": "Feature", "properties": {"@id": "way/1482527228", "building": "house", "height": "4"}, "geometry": {"type": "Polygon", "coordinates": [[[126.9588803, 37.524689], [126.9589171, 37.5247113], [126.9589668, 37.5246528], [126.9589239, 37.5246199], [126.9588977, 37.5246454], [126.9589138, 37.5246587], [126.9588803, 37.524689]]]}}, {"type": "Feature", "properties": {"@id": "way/1482527229", "building": "house", "height": "3.6"}, "geometry": {"type": "Polygon", "coordinates": [[[126.9589755, 37.5247502], [126.9589292, 37.5247193], [126.9590036, 37.5246518], [126.9590546, 37.5246863], [126.9589755, 37.5247502]]]}}, {"type": "Feature", "properties": {"@id": "way/1482527230", "building": "house", "height": "2.8"}, "geometry": {"type": "Polygon", "coordinates": [[[126.9589829, 37.5247544], [126.9590358, 37.5247874], [126.9591076, 37.5247262], [126.959058, 37.5246927], [126.9589829, 37.5247544]]]}}, {"type": "Feature", "properties": {"@id": "way/1482527231", "building": "house", "height": "3.9"}, "geometry": {"type": "Polygon", "coordinates": [[[126.9589835, 37.5246082], [126.959015, 37.5245832], [126.9590385, 37.5245938], [126.959003, 37.5246268], [126.9590218, 37.5246385], [126.9590855, 37.5245954], [126.9590211, 37.5245433], [126.9589621, 37.5245959], [126.9589835, 37.5246082]]]}}, {"type": "Feature", "properties": {"@id": "way/1482527232", "building": "yes", "height": "7.3"}, "geometry": {"type": "Polygon", "coordinates": [[[126.9590054, 37.5243769], [126.958919, 37.5243222], [126.9589542, 37.5242852], [126.9590434, 37.52434], [126.9590054, 37.5243769]]]}}, {"type": "Feature", "properties": {"@id": "way/1482527234", "building": "yes", "height": "4.8"}, "geometry": {"type": "Polygon", "coordinates": [[[126.959, 37.5243904], [126.9590563, 37.5244229], [126.9591048, 37.524378], [126.9590465, 37.5243446], [126.959, 37.5243904]]]}}, {"type": "Feature", "properties": {"@id": "way/1482527235", "building": "yes", "height": "12"}, "geometry": {"type": "Polygon", "coordinates": [[[126.9591409, 37.5245266], [126.95921, 37.524452], [126.9591096, 37.5243789], [126.9590338, 37.5244539], [126.9591409, 37.5245266]]]}}, {"type": "Feature", "properties": {"@id": "way/1482527236", "building": "yes", "height": "3.7"}, "geometry": {"type": "Polygon", "coordinates": [[[126.9589265, 37.5244912], [126.9589452, 37.5244795], [126.9589653, 37.5244925], [126.9590103, 37.5244572], [126.9589588, 37.5244267], [126.9589064, 37.5244695], [126.9589265, 37.5244912]]]}}, {"type": "Feature", "properties": {"@id": "way/1482527237", "building": "yes", "height": "8"}, "geometry": {"type": "Polygon", "coordinates": [[[126.9589046, 37.5244009], [126.9588503, 37.5243562], [126.958898, 37.5243143], [126.9589623, 37.5243561], [126.9589046, 37.5244009]]]}}, {"type": "Feature", "properties": {"@id": "way/1482527238", "building": "house", "height": "4.5"}, "geometry": {"type": "Polygon", "coordinates": [[[126.9589655, 37.5244256], [126.9590173, 37.5244576], [126.9590478, 37.524423], [126.9590003, 37.5243944], [126.9589655, 37.5244256]]]}}, {"type": "Feature", "properties": {"@id": "way/1482527239", "building": "house", "height": "2"}, "geometry": {"type": "Polygon", "coordinates": [[[126.9589854, 37.5245049], [126.9590492, 37.5245563], [126.9590861, 37.5245236], [126.9590278, 37.524473], [126.9589854, 37.5245049]]]}}, {"type": "Feature", "properties": {"@id": "way/1482527240", "building": "house", "height": "2.6"}, "geometry": {"type": "Polygon", "coordinates": [[[126.9590238, 37.5246511], [126.9590902, 37.5247016], [126.9591565, 37.52465], [126.9590875, 37.5246016], [126.9590238, 37.5246511]]]}}, {"type": "Feature", "properties": {"@id": "way/1482527241", "building": "house", "height": "2"}, "geometry": {"type": "Polygon", "coordinates": [[[126.9591042, 37.5246995], [126.959125, 37.5247128], [126.9591351, 37.5247064], [126.9591478, 37.5247117], [126.9591659, 37.5246958], [126.9591337, 37.524675], [126.9591042, 37.5246995]]]}}, {"type": "Feature", "properties": {"@id": "way/1482527242", "building": "house", "height": "3.3"}, "geometry": {"type": "Polygon", "coordinates": [[[126.9591391, 37.5246708], [126.9591867, 37.5246984], [126.9592578, 37.5246383], [126.9592196, 37.5246107], [126.9591391, 37.5246708]]]}}, {"type": "Feature", "properties": {"@id": "way/1482527243", "building": "yes", "height": "2"}, "geometry": {"type": "Polygon", "coordinates": [[[126.9592001, 37.5246979], [126.9592531, 37.5247266], [126.9593068, 37.5246745], [126.9592618, 37.5246426], [126.9592001, 37.5246979]]]}}, {"type": "Feature", "properties": {"@id": "way/1482527244", "building": "house", "height": "2.8"}, "geometry": {"type": "Polygon", "coordinates": [[[126.9591634, 37.5246429], [126.9592142, 37.5246056], [126.9591696, 37.5245745], [126.959118, 37.524613], [126.9591634, 37.5246429]]]}}, {"type": "Feature", "properties": {"@id": "way/1482527245", "building": "yes", "height": "2.8"}, "geometry": {"type": "Polygon", "coordinates": [[[126.9591109, 37.5245983], [126.9590655, 37.5245607], [126.9591091, 37.5245255], [126.9591573, 37.5245642], [126.9591109, 37.5245983]]]}}, {"type": "Feature", "properties": {"@id": "way/1482527246", "building": "house", "height": "4"}, "geometry": {"type": "Polygon", "coordinates": [[[126.9591592, 37.5245529], [126.9592555, 37.5246236], [126.9593441, 37.5245269], [126.9592553, 37.5244666], [126.9591592, 37.5245529]]]}}, {"type": "Feature", "properties": {"@id": "way/1482527247", "building": "house", "height": "4.5"}, "geometry": {"type": "Polygon", "coordinates": [[[126.9592472, 37.524449], [126.9593674, 37.5245241], [126.959429, 37.5244649], [126.9593897, 37.5244404], [126.9593543, 37.5244667], [126.9593142, 37.5244441], [126.9593396, 37.5244087], [126.9592981, 37.5243873], [126.9592472, 37.524449]]]}}, {"type": "Feature", "properties": {"@id": "way/1482527248", "building": "yes", "height": "3.6"}, "geometry": {"type": "Polygon", "coordinates": [[[126.9593789, 37.5244276], [126.9594313, 37.5244557], [126.9595253, 37.524358], [126.9594644, 37.5243207], [126.9593789, 37.5244276]]]}}, {"type": "Feature", "properties": {"@id": "way/1482527249", "building": "yes", "height": "4"}, "geometry": {"type": "Polygon", "coordinates": [[[126.9593065, 37.5243848], [126.9593735, 37.524419], [126.959456, 37.5243158], [126.9593835, 37.5242804], [126.9593065, 37.5243848]]]}}, {"type": "Feature", "properties": {"@id": "way/1482527250", "building": "house", "height": "3.1"}, "geometry": {"type": "Polygon", "coordinates": [[[126.9594798, 37.5244832], [126.959563, 37.524529], [126.9596516, 37.524438], [126.9596062, 37.5244129], [126.9595607, 37.5244624], [126.9595438, 37.5244551], [126.9595276, 37.5244728], [126.9595037, 37.524463], [126.9594798, 37.5244832]]]}}, {"type": "Feature", "properties": {"@id": "way/1482527251", "building": "house", "height": "2.8"}, "geometry": {"type": "Polygon", "coordinates": [[[126.959523, 37.5244551], [126.9594798, 37.5244337], [126.9595353, 37.524369], [126.9595715, 37.5243977], [126.959523, 37.5244551]]]}}, {"type": "Feature", "properties": {"@id": "way/1482527252", "building": "yes", "height": "3.4"}, "geometry": {"type": "Polygon", "coordinates": [[[126.9631893, 37.5271884], [126.9632344, 37.5271626], [126.9631276, 37.5270415], [126.9630733, 37.5270761], [126.9631893, 37.5271884]]]}}, {"type": "Feature", "properties": {"@id": "way/1482527254", "building": "house", "height": "4.4"}, "geometry": {"type": "Polygon", "coordinates": [[[126.9627769, 37.526682], [126.96271, 37.5266163], [126.9627894, 37.526571], [126.9628491, 37.5266325], [126.9627769, 37.526682]]]}}, {"type": "Feature", "properties": {"@id": "way/1482527255", "building": "yes", "height": "3.5"}, "geometry": {"type": "Polygon", "coordinates": [[[126.9623581, 37.5243963], [126.9623154, 37.5243479], [126.9624486, 37.5242608], [126.9625004, 37.524314], [126.9623581, 37.5243963]]]}}, {"type": "Feature", "properties": {"@id": "way/1482527256", "building": "yes", "height": "4.9"}, "geometry": {"type": "Polygon", "coordinates": [[[126.9624719, 37.5242737], [126.9625177, 37.5243221], [126.9625949, 37.5242786], [126.9625512, 37.524227], [126.9624719, 37.5242737]]]}}, {"type": "Feature", "properties": {"@id": "way/1482527257", "building": "yes", "height": "18"}, "geometry": {"type": "Polygon", "coordinates": [[[126.9627077, 37.5245559], [126.962597, 37.5246252], [126.9625451, 37.5245744], [126.9626671, 37.5245107], [126.9627077, 37.5245559]]]}}, {"type": "Feature", "properties": {"@id": "way/1482527258", "building": "yes", "height": "11.5"}, "geometry": {"type": "Polygon", "coordinates": [[[126.9627301, 37.5245365], [126.9626905, 37.5244954], [126.9627535, 37.5244575], [126.9627931, 37.5244922], [126.9627301, 37.5245365]]]}}, {"type": "Feature", "properties": {"@id": "way/1482527259", "building": "house", "height": "4.7"}, "geometry": {"type": "Polygon", "coordinates": [[[126.9623652, 37.5244003], [126.9624181, 37.5244559], [126.9625522, 37.5243713], [126.9625035, 37.5243221], [126.9623652, 37.5244003]]]}}, {"type": "Feature", "properties": {"@id": "way/1482527260", "building": "house", "height": "3.8"}, "geometry": {"type": "Polygon", "coordinates": [[[126.9625258, 37.5243318], [126.9625736, 37.5243793], [126.9626508, 37.5243318], [126.962598, 37.5242882], [126.9625258, 37.5243318]]]}}, {"type": "Feature", "properties": {"@id": "way/1482527261", "building": "yes", "height": "3.8"}, "geometry": {"type": "Polygon", "coordinates": [[[126.9624354, 37.5244664], [126.9625228, 37.5245567], [126.9626529, 37.5244841], [126.9625624, 37.5243874], [126.9624354, 37.5244664]]]}}, {"type": "Feature", "properties": {"@id": "way/1482527262", "building": "yes", "height": "5"}, "geometry": {"type": "Polygon", "coordinates": [[[126.9625888, 37.5244011], [126.9626701, 37.5244906], [126.9627352, 37.524447], [126.9626529, 37.5243644], [126.9625888, 37.5244011]]]}}, {"type": "Feature", "properties": {"@id": "way/1482772682", "building": "yes", "height": "3.4"}, "geometry": {"type": "Polygon", "coordinates": [[[126.9589289, 37.5252343], [126.9588649, 37.5252004], [126.9589492, 37.5251214], [126.9590122, 37.525165], [126.9589289, 37.5252343]]]}}, {"type": "Feature", "properties": {"@id": "way/1482772683", "building": "yes", "building:levels": "3.4"}, "geometry": {"type": "Polygon", "coordinates": [[[126.958982, 37.5254104], [126.9588331, 37.5252891], [126.9587097, 37.5253827], [126.9588814, 37.5254965], [126.958982, 37.5254104]]]}}, {"type": "Feature", "properties": {"@id": "way/1482778582", "building": "yes", "height": "7.4"}, "geometry": {"type": "Polygon", "coordinates": [[[126.9589231, 37.5250754], [126.9589847, 37.5251207], [126.9591349, 37.5249728], [126.9590733, 37.5249307], [126.9589231, 37.5250754]]]}}, {"type": "Feature", "properties": {"@id": "way/1482778583", "building": "yes", "height": "8.5"}, "geometry": {"type": "Polygon", "coordinates": [[[126.960123, 37.5262258], [126.9602539, 37.5261075], [126.960662, 37.526385], [126.960536, 37.5265032], [126.960123, 37.5262258]]]}}, {"type": "Feature", "properties": {"@id": "way/1482778584", "building": "yes", "height": "6"}, "geometry": {"type": "Polygon", "coordinates": [[[126.9599854, 37.5261377], [126.9601069, 37.5262186], [126.9601761, 37.5261507], [126.9600809, 37.5260879], [126.9600882, 37.5260763], [126.9600638, 37.5260546], [126.9599854, 37.5261377]]]}}, {"type": "Feature", "properties": {"@id": "way/1482778585", "building": "yes", "height": "5.8"}, "geometry": {"type": "Polygon", "coordinates": [[[126.9594921, 37.5257416], [126.9598625, 37.5259799], [126.959785, 37.5260578], [126.9594315, 37.5258127], [126.9594921, 37.5257416]]]}}, {"type": "Feature", "properties": {"@id": "way/1482778586", "building": "yes", "height": "8.3"}, "geometry": {"type": "Polygon", "coordinates": [[[126.9601391, 37.5253573], [126.9602074, 37.5253158], [126.960308, 37.525436], [126.960245, 37.5254721], [126.9601391, 37.5253573]]]}}, {"type": "Feature", "properties": {"@id": "way/1482778587", "building": "yes", "height": "2.2"}, "geometry": {"type": "Polygon", "coordinates": [[[126.9602893, 37.5255211], [126.9603523, 37.5254817], [126.9603161, 37.5254445], [126.9602544, 37.5254775], [126.9602893, 37.5255211]]]}}, {"type": "Feature", "properties": {"@id": "way/1482778588", "building": "yes", "height": "2.8"}, "geometry": {"type": "Polygon", "coordinates": [[[126.9613474, 37.5237299], [126.9614684, 37.5237751], [126.9614105, 37.5238573], [126.9613281, 37.523817], [126.9613576, 37.5237791], [126.96132, 37.5237589], [126.9613474, 37.5237299]]]}}, {"type": "Feature", "properties": {"@id": "way/1482778589", "building": "yes", "height": "1.4"}, "geometry": {"type": "Polygon", "coordinates": [[[126.9614359, 37.5239234], [126.9613678, 37.5238936], [126.9613932, 37.5238557], [126.9614755, 37.5238928], [126.9614359, 37.5239234]]]}}, {"type": "Feature", "properties": {"@id": "way/1482778590", "building": "yes", "height": "2.5"}, "geometry": {"type": "Polygon", "coordinates": [[[126.9614458, 37.5238747], [126.9614917, 37.523893], [126.9615289, 37.5238469], [126.9615408, 37.5238552], [126.9615599, 37.5238362], [126.9614918, 37.5237989], [126.9614458, 37.5238747]]]}}, {"type": "Feature", "properties": {"@id": "way/1482778591", "building": "yes", "height": "3"}, "geometry": {"type": "Polygon", "coordinates": [[[126.9614113, 37.5237459], [126.9613423, 37.5237185], [126.9614387, 37.5236147], [126.9615051, 37.5236512], [126.9614113, 37.5237459]]]}}, {"type": "Feature", "properties": {"@id": "way/1482778592", "building": "yes", "height": "3.8"}, "geometry": {"type": "Polygon", "coordinates": [[[126.961421, 37.5237501], [126.9614684, 37.5237751], [126.9615475, 37.5236982], [126.9615042, 37.5236701], [126.961421, 37.5237501]]]}}, {"type": "Feature", "properties": {"@id": "way/1482778593", "building": "yes", "height": "10"}, "geometry": {"type": "Polygon", "coordinates": [[[126.9617199, 37.5239951], [126.9616583, 37.52393], [126.9617426, 37.523884], [126.9617665, 37.5239156], [126.9618118, 37.5238906], [126.9618383, 37.5239246], [126.9617199, 37.5239951]]]}}, {"type": "Feature", "properties": {"@id": "way/1482785889", "building": "yes", "height": "8.5"}, "geometry": {"type": "Polygon", "coordinates": [[[126.9615838, 37.5235928], [126.9615298, 37.5236326], [126.9616352, 37.5237144], [126.9616806, 37.5236751], [126.9615838, 37.5235928]]]}}, {"type": "Feature", "properties": {"@id": "way/1482785890", "building": "yes", "height": "8.7"}, "geometry": {"type": "Polygon", "coordinates": [[[126.9620115, 37.5243164], [126.9621582, 37.5242403], [126.9621038, 37.5241769], [126.961957, 37.5242521], [126.9620115, 37.5243164]]]}}, {"type": "Feature", "properties": {"@id": "way/1482785891", "building": "yes", "height": "18"}, "geometry": {"type": "Polygon", "coordinates": [[[126.9619455, 37.5242415], [126.9620908, 37.5241595], [126.9619958, 37.5240473], [126.961844, 37.5241329], [126.9619455, 37.5242415]]]}}, {"type": "Feature", "properties": {"@id": "way/1482785892", "building": "yes", "height": "9"}, "geometry": {"type": "Polygon", "coordinates": [[[126.961954, 37.5242827], [126.9619011, 37.5242159], [126.9617531, 37.5243005], [126.9618176, 37.524362], [126.961954, 37.5242827]]]}}, {"type": "Feature", "properties": {"@id": "way/1482785893", "building": "yes", "height": "20"}, "geometry": {"type": "Polygon", "coordinates": [[[126.9625248, 37.5237991], [126.9627403, 37.5240347], [126.9625672, 37.5241408], [126.962502, 37.5240665], [126.9624495, 37.5241063], [126.9622754, 37.5239492], [126.9625248, 37.5237991]]]}}, {"type": "Feature", "properties": {"@id": "way/1482785894", "building": "yes", "height": "16"}, "geometry": {"type": "Polygon", "coordinates": [[[126.9622611, 37.5239699], [126.9621154, 37.5240396], [126.9622056, 37.5241289], [126.9623446, 37.5240571], [126.9622611, 37.5239699]]]}}, {"type": "Feature", "properties": {"@id": "way/1482785895", "building": "yes", "height": "16"}, "geometry": {"type": "Polygon", "coordinates": [[[126.962354, 37.5240636], [126.9624129, 37.5241288], [126.9622848, 37.5242017], [126.9622179, 37.5241358], [126.962354, 37.5240636]]]}}, {"type": "Feature", "properties": {"@id": "way/1482785896", "building": "yes", "height": "16"}, "geometry": {"type": "Polygon", "coordinates": [[[126.9624248, 37.5241306], [126.9624765, 37.5241926], [126.962347, 37.524274], [126.9622923, 37.5242099], [126.9624248, 37.5241306]]]}}, {"type": "Feature", "properties": {"@id": "way/1482785897", "building": "yes", "height": "6.6"}, "geometry": {"type": "Polygon", "coordinates": [[[126.9618369, 37.5241427], [126.9618963, 37.5242064], [126.961761, 37.5242814], [126.9617255, 37.5242408], [126.9617791, 37.5242194], [126.9617528, 37.5241911], [126.9618369, 37.5241427]]]}}, {"type": "Feature", "properties": {"@id": "way/1482785898", "building": "yes", "height": "3.6"}, "geometry": {"type": "Polygon", "coordinates": [[[126.9615726, 37.5238365], [126.9616449, 37.5237587], [126.9615778, 37.5237073], [126.9614791, 37.5237786], [126.9615726, 37.5238365]]]}}, {"type": "Feature", "properties": {"@id": "way/1482785899", "building": "yes", "height": "14"}, "geometry": {"type": "Polygon", "coordinates": [[[126.9616046, 37.5238369], [126.961691, 37.5237239], [126.9617756, 37.5238041], [126.9616619, 37.5238865], [126.9616046, 37.5238369]]]}}, {"type": "Feature", "properties": {"@id": "way/1482785900", "building": "yes", "height": "13"}, "geometry": {"type": "Polygon", "coordinates": [[[126.961482, 37.5239508], [126.9615136, 37.523892], [126.9615761, 37.5238536], [126.9616362, 37.5238984], [126.9615194, 37.5239781], [126.961482, 37.5239508]]]}}, {"type": "Feature", "properties": {"@id": "way/1482785901", "building": "yes", "height": "3.6"}, "geometry": {"type": "Polygon", "coordinates": [[[126.9616402, 37.5239286], [126.9617114, 37.5239984], [126.9615725, 37.5240934], [126.9614896, 37.5240248], [126.9616402, 37.5239286]]]}}, {"type": "Feature", "properties": {"@id": "way/1482785902", "building": "yes", "height": "5"}, "geometry": {"type": "Polygon", "coordinates": [[[126.961844, 37.5241283], [126.9617856, 37.5240708], [126.9618648, 37.524028], [126.9619165, 37.5240807], [126.961844, 37.5241283]]]}}, {"type": "Feature", "properties": {"@id": "way/1482785903", "building": "yes", "height": "7.85"}, "geometry": {"type": "Polygon", "coordinates": [[[126.9617847, 37.5240658], [126.9617181, 37.5240003], [126.9617988, 37.5239563], [126.9618271, 37.5239868], [126.9618743, 37.5239647], [126.9619067, 37.5239988], [126.9617847, 37.5240658]]]}}, {"type": "Feature", "properties": {"@id": "way/1482785904", "building": "yes", "height": "9"}, "geometry": {"type": "Polygon", "coordinates": [[[126.9617134, 37.5240057], [126.9617789, 37.5240652], [126.9616424, 37.5241389], [126.9615918, 37.5240803], [126.9617134, 37.5240057]]]}}, {"type": "Feature", "properties": {"@id": "way/1482785905", "building": "yes", "height": "10"}, "geometry": {"type": "Polygon", "coordinates": [[[126.9617772, 37.524075], [126.9618256, 37.5241307], [126.9617091, 37.5242047], [126.9616508, 37.5241441], [126.9617772, 37.524075]]]}}, {"type": "Feature", "properties": {"@id": "way/1482787999", "building": "yes", "height": "3.5"}, "geometry": {"type": "Polygon", "coordinates": [[[126.9620483, 37.5256832], [126.9619627, 37.5257333], [126.961899, 37.5256654], [126.9619855, 37.5256191], [126.9620483, 37.5256832]]]}}, {"type": "Feature", "properties": {"@id": "way/1482788000", "building": "yes", "height": "4"}, "geometry": {"type": "Polygon", "coordinates": [[[126.9619525, 37.5257407], [126.9618606, 37.5257988], [126.9618259, 37.5257591], [126.9619211, 37.5257037], [126.9619525, 37.5257407]]]}}, {"type": "Feature", "properties": {"@id": "way/1482788001", "building": "yes", "height": "4"}, "geometry": {"type": "Polygon", "coordinates": [[[126.9619187, 37.5257033], [126.9618223, 37.5257575], [126.9617893, 37.5257237], [126.9618851, 37.5256665], [126.9619187, 37.5257033]]]}}, {"type": "Feature", "properties": {"@id": "way/1482788002", "building": "yes", "height": "4"}, "geometry": {"type": "Polygon", "coordinates": [[[126.9618771, 37.5256669], [126.9617825, 37.5257243], [126.9617487, 37.5256864], [126.9618444, 37.5256299], [126.9618771, 37.5256669]]]}}, {"type": "Feature", "properties": {"@id": "way/1482788003", "building": "yes", "height": "4"}, "geometry": {"type": "Polygon", "coordinates": [[[126.9618433, 37.5256294], [126.9617487, 37.5256868], [126.9617148, 37.5256489], [126.9618106, 37.5255924], [126.9618433, 37.5256294]]]}}, {"type": "Feature", "properties": {"@id": "way/1482788004", "building": "yes", "height": "4"}, "geometry": {"type": "Polygon", "coordinates": [[[126.96181, 37.525591], [126.9617154, 37.5256484], [126.9616816, 37.5256105], [126.9617773, 37.525554], [126.96181, 37.525591]]]}}, {"type": "Feature", "properties": {"@id": "way/1482788005", "building": "yes", "height": "4"}, "geometry": {"type": "Polygon", "coordinates": [[[126.9617767, 37.5255526], [126.9616821, 37.52561], [126.9616483, 37.525572], [126.961744, 37.5255155], [126.9617767, 37.5255526]]]}}, {"type": "Feature", "properties": {"@id": "way/1482788006", "building": "yes", "height": "4"}, "geometry": {"type": "Polygon", "coordinates": [[[126.9617417, 37.5255146], [126.9616471, 37.525572], [126.9616133, 37.5255341], [126.961709, 37.5254776], [126.9617417, 37.5255146]]]}}, {"type": "Feature", "properties": {"@id": "way/1482788007", "building": "yes", "height": "4"}, "geometry": {"type": "Polygon", "coordinates": [[[126.9617084, 37.5254771], [126.9616138, 37.5255345], [126.96158, 37.5254966], [126.9616757, 37.5254401], [126.9617084, 37.5254771]]]}}, {"type": "Feature", "properties": {"@id": "way/1482788008", "building": "yes", "height": "4"}, "geometry": {"type": "Polygon", "coordinates": [[[126.9616751, 37.5254382], [126.9615806, 37.5254956], [126.9615467, 37.5254577], [126.9616424, 37.5254012], [126.9616751, 37.5254382]]]}}, {"type": "Feature", "properties": {"@id": "way/1482788009", "building": "yes", "height": "3"}, "geometry": {"type": "Polygon", "coordinates": [[[126.9618812, 37.5256651], [126.9619752, 37.5256179], [126.9619483, 37.5255822], [126.9618503, 37.5256304], [126.9618812, 37.5256651]]]}}, {"type": "Feature", "properties": {"@id": "way/1482788010", "building": "yes", "height": "4.5"}, "geometry": {"type": "Polygon", "coordinates": [[[126.9618473, 37.5256269], [126.9619413, 37.5255797], [126.9619145, 37.525544], [126.9618164, 37.5255922], [126.9618473, 37.5256269]]]}}, {"type": "Feature", "properties": {"@id": "way/1482788011", "building": "yes", "height": "2.2"}, "geometry": {"type": "Polygon", "coordinates": [[[126.9618147, 37.5255894], [126.9619086, 37.5255422], [126.9618818, 37.5255065], [126.9617837, 37.5255547], [126.9618147, 37.5255894]]]}}, {"type": "Feature", "properties": {"@id": "way/1482788012", "building": "yes", "height": "3"}, "geometry": {"type": "Polygon", "coordinates": [[[126.9617802, 37.5255505], [126.9618742, 37.5255033], [126.9618473, 37.5254676], [126.9617493, 37.5255158], [126.9617802, 37.5255505]]]}}, {"type": "Feature", "properties": {"@id": "way/1482788013", "building": "yes", "height": "8"}, "geometry": {"type": "Polygon", "coordinates": [[[126.9616476, 37.5253983], [126.9616791, 37.5254355], [126.9617744, 37.5253738], [126.9617428, 37.5253366], [126.9616476, 37.5253983]]]}}, {"type": "Feature", "properties": {"@id": "way/1482788014", "building": "yes", "height": "2.3"}, "geometry": {"type": "Polygon", "coordinates": [[[126.9616852, 37.5254424], [126.9617113, 37.5254728], [126.9617851, 37.5254212], [126.9617549, 37.5253967], [126.9616852, 37.5254424]]]}}, {"type": "Feature", "properties": {"@id": "way/1482788015", "building": "yes", "height": "2.5"}, "geometry": {"type": "Polygon", "coordinates": [[[126.9617442, 37.525511], [126.9618382, 37.5254638], [126.9618113, 37.5254281], [126.9617132, 37.5254763], [126.9617442, 37.525511]]]}}, {"type": "Feature", "properties": {"@id": "way/1482791131", "building": "yes", "height": "3.7"}, "geometry": {"type": "Polygon", "coordinates": [[[126.9617808, 37.5251242], [126.9618289, 37.5251762], [126.9617107, 37.5252436], [126.9616654, 37.5251927], [126.9617808, 37.5251242]]]}}, {"type": "Feature", "properties": {"@id": "way/1482791132", "building": "yes", "height": "7"}, "geometry": {"type": "Polygon", "coordinates": [[[126.9617873, 37.5251178], [126.9618332, 37.5251717], [126.9619711, 37.5250902], [126.9619253, 37.5250422], [126.9617873, 37.5251178]]]}}, {"type": "Feature", "properties": {"@id": "way/1482791134", "building": "yes", "height": "6"}, "geometry": {"type": "Polygon", "coordinates": [[[126.9618491, 37.5251736], [126.9619751, 37.525103], [126.9620436, 37.5251711], [126.9619785, 37.5252037], [126.9619548, 37.525176], [126.9618864, 37.525213], [126.9618491, 37.5251736]]]}}, {"type": "Feature", "properties": {"@id": "way/1482791135", "building": "yes", "height": "8.5"}, "geometry": {"type": "Polygon", "coordinates": [[[126.9618895, 37.5252171], [126.9619615, 37.525297], [126.9620796, 37.525232], [126.9620374, 37.5251801], [126.9619787, 37.5252151], [126.9619524, 37.5251837], [126.9618895, 37.5252171]]]}}, {"type": "Feature", "properties": {"@id": "way/1482791136", "building": "yes", "height": "3.5"}, "geometry": {"type": "Polygon", "coordinates": [[[126.9617129, 37.5252519], [126.9617663, 37.5253043], [126.9618949, 37.5252403], [126.9618379, 37.525181], [126.9617129, 37.5252519]]]}}, {"type": "Feature", "properties": {"@id": "way/1486503720", "building": "yes", "height": "16"}, "geometry": {"type": "Polygon", "coordinates": [[[126.9624873, 37.5254161], [126.9626072, 37.5253498], [126.9624982, 37.5252275], [126.9623816, 37.5252951], [126.9624873, 37.5254161]]]}}, {"type": "Feature", "properties": {"@id": "way/1486503721", "building": "yes", "height": "4.5"}, "geometry": {"type": "Polygon", "coordinates": [[[126.9622271, 37.5255715], [126.96216, 37.5254997], [126.9620313, 37.5255763], [126.9621019, 37.5256489], [126.9622271, 37.5255715]]]}}, {"type": "Feature", "properties": {"@id": "way/1486503722", "building": "yes", "height": "7"}, "geometry": {"type": "Polygon", "coordinates": [[[126.962233, 37.525565], [126.9621653, 37.5254937], [126.9622989, 37.5254178], [126.9623643, 37.5254928], [126.962233, 37.525565]]]}}, {"type": "Feature", "properties": {"@id": "way/1486503723", "building": "yes", "height": "12"}, "geometry": {"type": "Polygon", "coordinates": [[[126.9621472, 37.5254946], [126.9621045, 37.5254456], [126.9620047, 37.5255016], [126.9620508, 37.5255525], [126.9621472, 37.5254946]]]}}, {"type": "Feature", "properties": {"@id": "way/1486503724", "building": "yes", "height": "11"}, "geometry": {"type": "Polygon", "coordinates": [[[126.96224, 37.5253683], [126.9621273, 37.5254233], [126.9621688, 37.5254752], [126.9622791, 37.5254187], [126.96224, 37.5253683]]]}}, {"type": "Feature", "properties": {"@id": "way/1486503725", "building": "yes", "height": "3.3"}, "geometry": {"type": "Polygon", "coordinates": [[[126.9620865, 37.5254386], [126.9619697, 37.5255058], [126.9619107, 37.5254465], [126.9620234, 37.5253733], [126.9620865, 37.5254386]]]}}, {"type": "Feature", "properties": {"@id": "way/1486503726", "building": "yes", "height": "12"}, "geometry": {"type": "Polygon", "coordinates": [[[126.9621804, 37.5253048], [126.962223, 37.5253516], [126.9620981, 37.5254224], [126.9620508, 37.5253715], [126.9621804, 37.5253048]]]}}, {"type": "Feature", "properties": {"@id": "way/1486503727", "building": "yes", "height": "7"}, "geometry": {"type": "Polygon", "coordinates": [[[126.9620333, 37.5253645], [126.9619767, 37.5253058], [126.9621005, 37.5252372], [126.9621571, 37.5252965], [126.9620333, 37.5253645]]]}}, {"type": "Feature", "properties": {"@id": "way/1486503728", "building": "yes", "height": "14"}, "geometry": {"type": "Polygon", "coordinates": [[[126.962834, 37.5249863], [126.9629805, 37.5251319], [126.962873, 37.5252007], [126.9627243, 37.5250495], [126.962834, 37.5249863]]]}}, {"type": "Feature", "properties": {"@id": "way/1486503729", "building": "yes", "height": "13"}, "geometry": {"type": "Polygon", "coordinates": [[[126.9626499, 37.5252172], [126.9627906, 37.5251407], [126.9627039, 37.5250488], [126.9625659, 37.5251232], [126.9626499, 37.5252172]]]}}, {"type": "Feature", "properties": {"@id": "way/1486503730", "building": "yes", "height": "6.6"}, "geometry": {"type": "Polygon", "coordinates": [[[126.9623907, 37.5252544], [126.962335, 37.5251947], [126.9624102, 37.525147], [126.9624712, 37.5252081], [126.9623907, 37.5252544]]]}}, {"type": "Feature", "properties": {"@id": "way/1486503731", "building": "yes", "height": "17"}, "geometry": {"type": "Polygon", "coordinates": [[[126.9626167, 37.5248569], [126.962502, 37.5247464], [126.9625774, 37.5246932], [126.9627022, 37.524813], [126.9626167, 37.5248569]]]}}, {"type": "Feature", "properties": {"@id": "way/1486503732", "building": "yes", "height": "6"}, "geometry": {"type": "Polygon", "coordinates": [[[126.9625012, 37.5247561], [126.9624365, 37.5247879], [126.9625274, 37.5248802], [126.9625929, 37.5248417], [126.9625012, 37.5247561]]]}}, {"type": "Feature", "properties": {"@id": "way/1486503733", "building": "yes", "height": "11.5"}, "geometry": {"type": "Polygon", "coordinates": [[[126.9624596, 37.5248294], [126.9624234, 37.5247855], [126.9622955, 37.5248612], [126.9623356, 37.5249034], [126.9624596, 37.5248294]]]}}, {"type": "Feature", "properties": {"@id": "way/1486503734", "building": "yes", "height": "17"}, "geometry": {"type": "Polygon", "coordinates": [[[126.9624727, 37.5248398], [126.9623487, 37.5249113], [126.9624473, 37.525009], [126.9625713, 37.5249345], [126.9624727, 37.5248398]]]}}, {"type": "Feature", "properties": {"@id": "way/1486503735", "building": "yes", "height": "4"}, "geometry": {"type": "Polygon", "coordinates": [[[126.9621366, 37.5250043], [126.9620403, 37.5250659], [126.9619679, 37.5250034], [126.9620566, 37.5249553], [126.9620791, 37.5249441], [126.9621366, 37.5250043]]]}}, {"type": "Feature", "properties": {"@id": "way/1486503736", "building": "yes", "height": "15"}, "geometry": {"type": "Polygon", "coordinates": [[[126.9623269, 37.5250182], [126.9624133, 37.5251094], [126.9623403, 37.5251534], [126.962258, 37.5250599], [126.9623269, 37.5250182]]]}}, {"type": "Feature", "properties": {"@id": "way/1486503737", "building": "yes", "height": "7.7"}, "geometry": {"type": "Polygon", "coordinates": [[[126.9623244, 37.5252097], [126.9622357, 37.5252569], [126.9623052, 37.5253194], [126.9623845, 37.5252671], [126.9623244, 37.5252097]]]}}, {"type": "Feature", "properties": {"@id": "way/1486503738", "building": "yes", "height": "3.5"}, "geometry": {"type": "Polygon", "coordinates": [[[126.9622234, 37.525256], [126.9621656, 37.5251967], [126.962262, 37.5251411], [126.9623221, 37.5252041], [126.9622234, 37.525256]]]}}, {"type": "Feature", "properties": {"@id": "way/1486503739", "building": "yes", "height": "9"}, "geometry": {"type": "Polygon", "coordinates": [[[126.9621633, 37.525193], [126.962109, 37.5251337], [126.9622182, 37.5250735], [126.9622666, 37.5251333], [126.9621633, 37.525193]]]}}, {"type": "Feature", "properties": {"@id": "way/1486503740", "building": "yes", "height": "4.4"}, "geometry": {"type": "Polygon", "coordinates": [[[126.9620791, 37.5249441], [126.9621102, 37.5249185], [126.9621382, 37.5249495], [126.9621931, 37.5249277], [126.9622287, 37.5249606], [126.9621417, 37.5250041], [126.9620791, 37.5249441]]]}}, {"type": "Feature", "properties": {"@id": "way/1486503741", "building": "yes", "height": "4"}, "geometry": {"type": "Polygon", "coordinates": [[[126.9621452, 37.5250097], [126.9622001, 37.5250638], [126.9622952, 37.5250115], [126.9622369, 37.5249587], [126.9621452, 37.5250097]]]}}, {"type": "Feature", "properties": {"@id": "way/1486503742", "building": "yes", "height": "11"}, "geometry": {"type": "Polygon", "coordinates": [[[126.9621382, 37.5250134], [126.9621983, 37.5250694], [126.9621154, 37.5251194], [126.9620553, 37.5250638], [126.9621382, 37.5250134]]]}}, {"type": "Feature", "properties": {"@id": "way/1486503743", "building": "yes", "height": "3"}, "geometry": {"type": "Polygon", "coordinates": [[[126.9618202, 37.5246738], [126.9617105, 37.524728], [126.9617613, 37.5247738], [126.9618623, 37.5247136], [126.9618202, 37.5246738]]]}}, {"type": "Feature", "properties": {"@id": "way/1486503744", "building": "yes", "height": "5"}, "geometry": {"type": "Polygon", "coordinates": [[[126.9618669, 37.5247141], [126.9619055, 37.5247451], [126.9618202, 37.5247997], [126.9617852, 37.5247683], [126.9618669, 37.5247141]]]}}, {"type": "Feature", "properties": {"@id": "way/1486503745", "building": "yes", "height": "7.7"}, "geometry": {"type": "Polygon", "coordinates": [[[126.9619095, 37.5247516], [126.9619574, 37.5248048], [126.9619469, 37.5248138], [126.9618839, 37.5248511], [126.9618267, 37.5248011], [126.9619095, 37.5247516]]]}}, {"type": "Feature", "properties": {"@id": "way/1486503746", "building": "yes", "height": "3.5"}, "geometry": {"type": "Polygon", "coordinates": [[[126.9620724, 37.5249359], [126.9621681, 37.5248909], [126.9621302, 37.5248502], [126.9620835, 37.5248752], [126.9620596, 37.5248507], [126.9620158, 37.5248789], [126.9620724, 37.5249359]]]}}, {"type": "Feature", "properties": {"@id": "way/1486503747", "building": "yes", "height": "7"}, "geometry": {"type": "Polygon", "coordinates": [[[126.9620444, 37.5247641], [126.9621063, 37.5248247], [126.9620193, 37.5248715], [126.9619656, 37.5248104], [126.9620444, 37.5247641]]]}}, {"type": "Feature", "properties": {"@id": "way/1486734932", "building": "apartments", "building:flats": "62", "building:levels": "9", "height": "25", "start_date": "2011"}, "geometry": {"type": "Polygon", "coordinates": [[[126.9661545, 37.5243455], [126.9662761, 37.524468], [126.9664154, 37.524381], [126.9662938, 37.5242585], [126.9661545, 37.5243455]]]}}, {"type": "Feature", "properties": {"@id": "way/1486777149", "building": "yes", "height": "3"}, "geometry": {"type": "Polygon", "coordinates": [[[126.9619591, 37.5253085], [126.9620201, 37.5253702], [126.9619041, 37.5254436], [126.961841, 37.5253798], [126.9619591, 37.5253085]]]}}, {"type": "Feature", "properties": {"@id": "way/1486777150", "building": "yes", "height": "4"}, "geometry": {"type": "Polygon", "coordinates": [[[126.9619544, 37.5253016], [126.9619047, 37.5252458], [126.9618618, 37.5252654], [126.9618974, 37.5253026], [126.9619, 37.5253053], [126.9618699, 37.5253234], [126.96189, 37.5253441], [126.9619544, 37.5253016]]]}}, {"type": "Feature", "properties": {"@id": "way/1486777151", "building": "yes", "height": "6"}, "geometry": {"type": "Polygon", "coordinates": [[[126.9618846, 37.5253463], [126.961835, 37.5253761], [126.961774, 37.5253069], [126.9618578, 37.5252686], [126.9618974, 37.5253026], [126.9618645, 37.5253218], [126.9618846, 37.5253463]]]}}, {"type": "Feature", "properties": {"@id": "way/1486777152", "building": "yes", "height": "4"}, "geometry": {"type": "Polygon", "coordinates": [[[126.9616034, 37.5249195], [126.9616524, 37.5249709], [126.9617861, 37.5248996], [126.961761, 37.5248658], [126.961667, 37.5249177], [126.9616448, 37.5248927], [126.9616034, 37.5249195]]]}}, {"type": "Feature", "properties": {"@id": "way/1486777153", "building": "yes", "height": "3.5"}, "geometry": {"type": "Polygon", "coordinates": [[[126.9616022, 37.5249232], [126.9616477, 37.5249742], [126.9615643, 37.5250223], [126.9615176, 37.5249751], [126.961552, 37.5249561], [126.9615718, 37.5249783], [126.9615952, 37.5249654], [126.9615748, 37.5249431], [126.9616022, 37.5249232]]]}}, {"type": "Feature", "properties": {"@id": "way/1486777154", "building": "yes", "height": "3.6"}, "geometry": {"type": "Polygon", "coordinates": [[[126.9616985, 37.5248964], [126.9617791, 37.5248519], [126.9617516, 37.5248237], [126.9616746, 37.5248686], [126.9616985, 37.5248964]]]}}, {"type": "Feature", "properties": {"@id": "way/1486777155", "building": "yes", "height": "4"}, "geometry": {"type": "Polygon", "coordinates": [[[126.959318, 37.5246705], [126.9592596, 37.524629], [126.9593525, 37.5245336], [126.9594136, 37.5245743], [126.959318, 37.5246705]]]}}, {"type": "Feature", "properties": {"@id": "way/1486777156", "building": "yes", "height": "2.5"}, "geometry": {"type": "Polygon", "coordinates": [[[126.9589027, 37.5244709], [126.9588574, 37.5244415], [126.9589571, 37.5243645], [126.9589713, 37.5243774], [126.9589286, 37.5244173], [126.9589489, 37.5244302], [126.9589027, 37.5244709]]]}}, {"type": "Feature", "properties": {"@id": "way/1486777157", "building": "yes", "height": "4.5"}, "geometry": {"type": "Polygon", "coordinates": [[[126.9589515, 37.5244282], [126.9589342, 37.5244165], [126.9589759, 37.524379], [126.9589957, 37.5243927], [126.9589515, 37.5244282]]]}}, {"type": "Feature", "properties": {"@id": "way/1486777158", "building": "yes", "height": "7"}, "geometry": {"type": "Polygon", "coordinates": [[[126.9587894, 37.524491], [126.9587639, 37.5244701], [126.9587035, 37.5245181], [126.9586684, 37.5244846], [126.9587604, 37.5244173], [126.9588254, 37.5244653], [126.9587894, 37.524491]]]}}, {"type": "Feature", "properties": {"@id": "way/1486777159", "building": "yes", "height": "3.5"}, "geometry": {"type": "Polygon", "coordinates": [[[126.9587451, 37.5244052], [126.9588117, 37.5244503], [126.9588884, 37.524402], [126.9588661, 37.5243814], [126.9588148, 37.5244161], [126.9587787, 37.524383], [126.9587451, 37.5244052]]]}}, {"type": "Feature", "properties": {"@id": "way/1486777160", "building": "yes", "height": "2"}, "geometry": {"type": "Polygon", "coordinates": [[[126.9613534, 37.5241983], [126.9613279, 37.5241845], [126.961356, 37.5241598], [126.9613845, 37.5241754], [126.9613534, 37.5241983]]]}}, {"type": "Feature", "properties": {"@id": "way/1486782780", "building": "yes", "height": "3"}, "geometry": {"type": "Polygon", "coordinates": [[[126.9633672, 37.5273519], [126.9633245, 37.5273051], [126.9632493, 37.5273366], [126.9632991, 37.527389], [126.9633672, 37.5273519]]]}}, {"type": "Feature", "properties": {"@id": "way/1486782781", "building": "yes", "height": "3.5"}, "geometry": {"type": "Polygon", "coordinates": [[[126.9621432, 37.5261317], [126.9620716, 37.5261744], [126.9619861, 37.5260822], [126.9620562, 37.5260364], [126.962087, 37.5260688], [126.9620485, 37.5260889], [126.9620762, 37.5261298], [126.9621201, 37.5261048], [126.9621432, 37.5261317]]]}}, {"type": "Feature", "properties": {"@id": "way/1486782782", "building": "yes", "height": "10"}, "geometry": {"type": "Polygon", "coordinates": [[[126.9618936, 37.5258659], [126.9619714, 37.525946], [126.9619175, 37.5259802], [126.961842, 37.5258959], [126.9618936, 37.5258659]]]}}, {"type": "Feature", "properties": {"@id": "way/1486782783", "building": "yes", "height": "10"}, "geometry": {"type": "Polygon", "coordinates": [[[126.9618365, 37.5258993], [126.9619264, 37.52599], [126.9618484, 37.5260379], [126.9618342, 37.5260456], [126.9617414, 37.5259483], [126.9618365, 37.5258993]]]}}, {"type": "Feature", "properties": {"@id": "way/1486782784", "building": "yes", "height": "8"}, "geometry": {"type": "Polygon", "coordinates": [[[126.9619293, 37.5259835], [126.9619807, 37.5259544], [126.9620525, 37.5260317], [126.9620017, 37.5260636], [126.9619293, 37.5259835]]]}}, {"type": "Feature", "properties": {"@id": "way/1486782785", "building": "yes", "height": "11.3"}, "geometry": {"type": "Polygon", "coordinates": [[[126.9619305, 37.5259942], [126.9620017, 37.5260636], [126.96192, 37.526109], [126.9618484, 37.5260379], [126.9619305, 37.5259942]]]}}, {"type": "Feature", "properties": {"@id": "way/1486782786", "building": "yes", "height": "3"}, "geometry": {"type": "Polygon", "coordinates": [[[126.9619801, 37.5262244], [126.9620648, 37.5261767], [126.9619847, 37.5260869], [126.9619531, 37.526104], [126.9619616, 37.526112], [126.9619123, 37.5261437], [126.9619801, 37.5262244]]]}}, {"type": "Feature", "properties": {"@id": "way/1486782787", "building": "yes", "height": "11"}, "geometry": {"type": "Polygon", "coordinates": [[[126.9620956, 37.5261676], [126.9621657, 37.5262433], [126.9622219, 37.5262146], [126.962148, 37.5261358], [126.9620956, 37.5261676]]]}}, {"type": "Feature", "properties": {"@id": "way/1486782788", "building": "yes", "height": "2.8"}, "geometry": {"type": "Polygon", "coordinates": [[[126.9620707, 37.5261824], [126.9621519, 37.5262627], [126.9620654, 37.5263148], [126.9619849, 37.5262313], [126.9620707, 37.5261824]]]}}, {"type": "Feature", "properties": {"@id": "way/1486782789", "building": "yes", "height": "8"}, "geometry": {"type": "Polygon", "coordinates": [[[126.9622404, 37.5262361], [126.9623074, 37.5263063], [126.9622578, 37.526335], [126.9621948, 37.5262664], [126.9622404, 37.5262361]]]}}, {"type": "Feature", "properties": {"@id": "way/1486782790", "building": "yes", "height": "14.5"}, "geometry": {"type": "Polygon", "coordinates": [[[126.9621706, 37.5262754], [126.9622726, 37.5263823], [126.9622202, 37.5264121], [126.9621264, 37.5263015], [126.9621706, 37.5262754]]]}}, {"type": "Feature", "properties": {"@id": "way/1486782791", "building": "yes", "height": "3.9"}, "geometry": {"type": "Polygon", "coordinates": [[[126.9623114, 37.5263169], [126.9622498, 37.5263488], [126.9623202, 37.5264382], [126.9623912, 37.526402], [126.9623114, 37.5263169]]]}}, {"type": "Feature", "properties": {"@id": "way/1486782792", "building": "yes", "height": "3.3"}, "geometry": {"type": "Polygon", "coordinates": [[[126.9622739, 37.5263914], [126.9623168, 37.5264419], [126.9622223, 37.5264919], [126.9621726, 37.526435], [126.9622739, 37.5263914]]]}}, {"type": "Feature", "properties": {"@id": "way/1486782793", "building": "yes", "height": "16"}, "geometry": {"type": "Polygon", "coordinates": [[[126.9624013, 37.5264155], [126.9624522, 37.5264724], [126.9622987, 37.5265549], [126.9622423, 37.5265006], [126.9624013, 37.5264155]]]}}, {"type": "Feature", "properties": {"@id": "way/1486782794", "building": "yes", "height": "10.5"}, "geometry": {"type": "Polygon", "coordinates": [[[126.9624234, 37.5266745], [126.9623409, 37.5265873], [126.9624542, 37.5265293], [126.9625313, 37.5266144], [126.9624234, 37.5266745]]]}}, {"type": "Feature", "properties": {"@id": "way/1486782795", "building": "yes", "height": "3"}, "geometry": {"type": "Polygon", "coordinates": [[[126.9625665, 37.5265885], [126.962496, 37.5265115], [126.9624542, 37.5265293], [126.9625313, 37.5266144], [126.9625665, 37.5265885]]]}}, {"type": "Feature", "properties": {"@id": "way/1486782796", "building": "yes", "height": "4"}, "geometry": {"type": "Polygon", "coordinates": [[[126.9627175, 37.5264999], [126.9626021, 37.5263845], [126.96247, 37.5264531], [126.9625847, 37.5265792], [126.9627175, 37.5264999]]]}}, {"type": "Feature", "properties": {"@id": "way/1486782797", "building": "yes", "height": "3.5"}, "geometry": {"type": "Polygon", "coordinates": [[[126.9627218, 37.526499], [126.9627924, 37.5264575], [126.9626872, 37.5263394], [126.9626069, 37.526383], [126.9627218, 37.526499]]]}}, {"type": "Feature", "properties": {"@id": "way/1486782798", "building": "yes", "height": "11"}, "geometry": {"type": "Polygon", "coordinates": [[[126.962671, 37.5263407], [126.9626285, 37.5262902], [126.9624816, 37.5263744], [126.9625205, 37.5264207], [126.962671, 37.5263407]]]}}, {"type": "Feature", "properties": {"@id": "way/1486782799", "building": "yes", "height": "4.5"}, "geometry": {"type": "Polygon", "coordinates": [[[126.9626204, 37.5262804], [126.9625901, 37.5262471], [126.9625241, 37.526285], [126.9624792, 37.5262475], [126.9623507, 37.5263225], [126.9624272, 37.5263934], [126.9626204, 37.5262804]]]}}, {"type": "Feature", "properties": {"@id": "way/1486782800", "building": "yes", "height": "13"}, "geometry": {"type": "Polygon", "coordinates": [[[126.9623291, 37.5262943], [126.962269, 37.5262304], [126.9624716, 37.52611], [126.9625375, 37.5261818], [126.9623291, 37.5262943]]]}}, {"type": "Feature", "properties": {"@id": "way/1486783934", "building": "house", "height": "3.5"}, "geometry": {"type": "Polygon", "coordinates": [[[126.9620834, 37.5258014], [126.9620412, 37.5257615], [126.9621073, 37.5257184], [126.9621535, 37.5257599], [126.9620834, 37.5258014]]]}}, {"type": "Feature", "properties": {"@id": "way/1486783935", "building": "house", "height": "3.8"}, "geometry": {"type": "Polygon", "coordinates": [[[126.9620392, 37.5257651], [126.9620763, 37.525801], [126.9619492, 37.5258719], [126.9619015, 37.5258312], [126.9619782, 37.5257885], [126.9620392, 37.5257651]]]}}, {"type": "Feature", "properties": {"@id": "way/1486867600", "building": "apartments", "building:flats": "108", "building:levels": "19", "height": "62", "start_date": "2020"}, "geometry": {"type": "Polygon", "coordinates": [[[126.9570582, 37.5336775], [126.9573049, 37.5337275], [126.9572739, 37.5338238], [126.9570272, 37.5337739], [126.9570582, 37.5336775]]]}}, {"type": "Feature", "properties": {"@id": "way/1486995547", "building": "yes", "building:levels": "10", "height": "45", "start_date": "2010"}, "geometry": {"type": "Polygon", "coordinates": [[[126.9648542, 37.5339608], [126.9653962, 37.5340245], [126.965387, 37.5340737], [126.9649176, 37.5341591], [126.9648193, 37.5341476], [126.9648542, 37.5339608]]]}}, {"type": "Feature", "properties": {"@id": "way/1487079579", "building": "yes", "height": "5"}, "geometry": {"type": "Polygon", "coordinates": [[[126.960883, 37.5252236], [126.9631155, 37.5276479], [126.9627615, 37.5278649], [126.9617664, 37.5271353], [126.9611334, 37.5263599], [126.9609295, 37.5259707], [126.9608692, 37.5255186], [126.960883, 37.5252236]]]}}, {"type": "Feature", "properties": {"@id": "way/1491451577", "building": "yes", "height": "4"}, "geometry": {"type": "Polygon", "coordinates": [[[126.9632334, 37.5269578], [126.9632871, 37.5269211], [126.9632596, 37.5268918], [126.9632388, 37.5269003], [126.9632006, 37.5268626], [126.9631624, 37.5268907], [126.9632334, 37.5269578]]]}}, {"type": "Feature", "properties": {"@id": "way/1491451578", "building": "yes", "height": "6.5"}, "geometry": {"type": "Polygon", "coordinates": [[[126.9630859, 37.5269216], [126.9631738, 37.526862], [126.9630973, 37.5267796], [126.9629988, 37.5268397], [126.9630859, 37.5269216]]]}}, {"type": "Feature", "properties": {"@id": "way/1491451579", "building": "yes", "height": "4"}, "geometry": {"type": "Polygon", "coordinates": [[[126.9630584, 37.5269402], [126.9629766, 37.5269833], [126.962929, 37.5269322], [126.9629625, 37.5269147], [126.9629786, 37.5269274], [126.9630276, 37.5269072], [126.9630584, 37.5269402]]]}}, {"type": "Feature", "properties": {"@id": "way/1491451580", "building": "yes", "height": "3.8"}, "geometry": {"type": "Polygon", "coordinates": [[[126.9632255, 37.5269591], [126.9631966, 37.526928], [126.9631803, 37.5269389], [126.9631371, 37.5268954], [126.9631, 37.5269216], [126.9631783, 37.5269925], [126.9632255, 37.5269591]]]}}, {"type": "Feature", "properties": {"@id": "way/1491451581", "building": "yes", "height": "3.8"}, "geometry": {"type": "Polygon", "coordinates": [[[126.9630949, 37.5269901], [126.9631315, 37.5270248], [126.9630634, 37.5270655], [126.9630299, 37.5270316], [126.9630949, 37.5269901]]]}}, {"type": "Feature", "properties": {"@id": "way/1491451582", "building": "yes", "height": "5.8"}, "geometry": {"type": "Polygon", "coordinates": [[[126.9630278, 37.5269611], [126.9630695, 37.5270026], [126.9630324, 37.5270268], [126.9629867, 37.5269816], [126.9630278, 37.5269611]]]}}, {"type": "Feature", "properties": {"@id": "way/1491451583", "building": "yes", "height": "2.85"}, "geometry": {"type": "Polygon", "coordinates": [[[126.963132, 37.5270211], [126.963066, 37.5269563], [126.9630964, 37.5269325], [126.9631335, 37.5269728], [126.9631452, 37.5269667], [126.9631737, 37.5269933], [126.963132, 37.5270211]]]}}, {"type": "Feature", "properties": {"@id": "way/1493880708", "building": "yes", "height": "3.5"}, "geometry": {"type": "Polygon", "coordinates": [[[126.9618321, 37.523497], [126.9618915, 37.5234338], [126.9618605, 37.523418], [126.9618448, 37.5234289], [126.9618153, 37.5234132], [126.9618285, 37.5233955], [126.9617797, 37.523366], [126.9617162, 37.5234317], [126.9618321, 37.523497]]]}}, {"type": "Feature", "properties": {"@id": "way/1493880709", "building": "yes", "height": "4"}, "geometry": {"type": "Polygon", "coordinates": [[[126.9612852, 37.5231864], [126.9613553, 37.5231467], [126.9613037, 37.5230911], [126.9612605, 37.5231113], [126.9612929, 37.5231485], [126.9612667, 37.5231638], [126.9612852, 37.5231864]]]}}, {"type": "Feature", "properties": {"@id": "way/1493880710", "building": "yes", "height": "2"}, "geometry": {"type": "Polygon", "coordinates": [[[126.9612603, 37.5231655], [126.9612919, 37.5231956], [126.9612101, 37.5232451], [126.9611751, 37.5232155], [126.9612603, 37.5231655]]]}}, {"type": "Feature", "properties": {"@id": "way/1493886106", "building": "yes", "building:levels": "4", "height": "2.4"}, "geometry": {"type": "Polygon", "coordinates": [[[126.9621561, 37.5257633], [126.962186, 37.5257981], [126.9621758, 37.5258057], [126.96218, 37.5258103], [126.9621119, 37.5258518], [126.9621079, 37.525846], [126.9620923, 37.525854], [126.962059, 37.5258207], [126.9621561, 37.5257633]]]}}, {"type": "Feature", "properties": {"@id": "way/1493886107", "building": "yes", "height": "3.4"}, "geometry": {"type": "Polygon", "coordinates": [[[126.9620549, 37.5258234], [126.9620929, 37.5258586], [126.9619948, 37.5259133], [126.9619686, 37.5258878], [126.9620202, 37.5258491], [126.9620146, 37.5258423], [126.9620549, 37.5258234]]]}}, {"type": "Feature", "properties": {"@id": "way/1493886108", "building": "yes", "height": "2"}, "geometry": {"type": "Polygon", "coordinates": [[[126.9621789, 37.5259157], [126.9621506, 37.5258831], [126.9622174, 37.525841], [126.9622555, 37.5258697], [126.9621789, 37.5259157]]]}}, {"type": "Feature", "properties": {"@id": "way/1493886109", "building": "yes", "height": "3.5"}, "geometry": {"type": "Polygon", "coordinates": [[[126.9622143, 37.5258375], [126.96219, 37.5258118], [126.9621086, 37.5258592], [126.9621343, 37.5258859], [126.9622143, 37.5258375]]]}}, {"type": "Feature", "properties": {"@id": "way/1493886110", "building": "yes", "height": "4"}, "geometry": {"type": "Polygon", "coordinates": [[[126.9620936, 37.5258617], [126.9621228, 37.5258915], [126.9620303, 37.5259536], [126.9620007, 37.5259234], [126.9620626, 37.5258852], [126.9620573, 37.5258817], [126.9620936, 37.5258617]]]}}, {"type": "Feature", "properties": {"@id": "way/1493886111", "building": "yes", "height": "3.5"}, "geometry": {"type": "Polygon", "coordinates": [[[126.9621427, 37.5258859], [126.962171, 37.5259171], [126.9620648, 37.5259831], [126.9620537, 37.5259718], [126.9620878, 37.5259504], [126.962071, 37.5259357], [126.9621427, 37.5258859]]]}}, {"type": "Feature", "properties": {"@id": "way/1493886112", "building": "yes", "height": "3"}, "geometry": {"type": "Polygon", "coordinates": [[[126.9622484, 37.5258789], [126.9622772, 37.525909], [126.9622342, 37.5259308], [126.9622449, 37.5259399], [126.962225, 37.5259501], [126.9621842, 37.5259178], [126.9622484, 37.5258789]]]}}, {"type": "Feature", "properties": {"@id": "way/1493886113", "building": "yes", "height": "4"}, "geometry": {"type": "Polygon", "coordinates": [[[126.9621772, 37.5259227], [126.9622139, 37.5259536], [126.9621183, 37.5260125], [126.9621042, 37.5259996], [126.96209, 37.5260066], [126.9620706, 37.5259873], [126.9621772, 37.5259227]]]}}, {"type": "Feature", "properties": {"@id": "way/1493886114", "building": "yes", "height": "3"}, "geometry": {"type": "Polygon", "coordinates": [[[126.9622891, 37.5259132], [126.9623117, 37.5259371], [126.9622524, 37.5259704], [126.9622294, 37.5259511], [126.9622891, 37.5259132]]]}}, {"type": "Feature", "properties": {"@id": "way/1493886115", "building": "yes", "height": "4"}, "geometry": {"type": "Polygon", "coordinates": [[[126.9622201, 37.5259575], [126.9622497, 37.5259859], [126.9621515, 37.5260396], [126.9621259, 37.5260122], [126.9622201, 37.5259575]]]}}, {"type": "Feature", "properties": {"@id": "way/1493886116", "building": "yes", "height": "3.2"}, "geometry": {"type": "Polygon", "coordinates": [[[126.9623475, 37.5259789], [126.9622674, 37.5260224], [126.9622993, 37.5260529], [126.9623758, 37.5260076], [126.9623475, 37.5259789]]]}}, {"type": "Feature", "properties": {"@id": "way/1493886117", "building": "yes", "height": "4"}, "geometry": {"type": "Polygon", "coordinates": [[[126.9623413, 37.5259782], [126.9623165, 37.5259483], [126.9622555, 37.5259922], [126.9622533, 37.5259901], [126.9622245, 37.5260069], [126.9622506, 37.5260308], [126.9623413, 37.5259782]]]}}, {"type": "Feature", "properties": {"@id": "way/1493886118", "building": "yes", "height": "3.5"}, "geometry": {"type": "Polygon", "coordinates": [[[126.9622201, 37.5260097], [126.9622449, 37.5260336], [126.9621666, 37.5260743], [126.962152, 37.5260624], [126.9621427, 37.526068], [126.9621223, 37.5260497], [126.9621351, 37.5260431], [126.9621431, 37.5260469], [126.9622201, 37.5260097]]]}}, {"type": "Feature", "properties": {"@id": "way/1493886119", "building": "yes", "height": "3.5"}, "geometry": {"type": "Polygon", "coordinates": [[[126.9622648, 37.5260255], [126.9622953, 37.5260557], [126.9621772, 37.5261266], [126.9621643, 37.5261153], [126.9621758, 37.5261094], [126.9621542, 37.5260876], [126.9622648, 37.5260255]]]}}, {"type": "Feature", "properties": {"@id": "way/1493886120", "building": "yes", "height": "3"}, "geometry": {"type": "Polygon", "coordinates": [[[126.962447, 37.5260925], [126.9623732, 37.5261318], [126.9623347, 37.5260918], [126.9624099, 37.526048], [126.962447, 37.5260925]]]}}, {"type": "Feature", "properties": {"@id": "way/1493886121", "building": "yes", "height": "2.7"}, "geometry": {"type": "Polygon", "coordinates": [[[126.9623378, 37.5260862], [126.962401, 37.5260501], [126.9623789, 37.5260217], [126.9623563, 37.5260325], [126.9623519, 37.5260248], [126.9623258, 37.5260403], [126.9623369, 37.5260525], [126.9623134, 37.5260676], [126.9623378, 37.5260862]]]}}, {"type": "Feature", "properties": {"@id": "way/1493886122", "building": "yes", "height": "3"}, "geometry": {"type": "Polygon", "coordinates": [[[126.9623329, 37.5260974], [126.9623656, 37.5261332], [126.9622524, 37.5262002], [126.9622179, 37.526169], [126.9623329, 37.5260974]]]}}, {"type": "Feature", "properties": {"@id": "way/1493886123", "building": "yes", "height": "4"}, "geometry": {"type": "Polygon", "coordinates": [[[126.9623298, 37.5260939], [126.9622966, 37.5260592], [126.9621807, 37.5261294], [126.9622152, 37.5261641], [126.9623298, 37.5260939]]]}}, {"type": "Feature", "properties": {"@id": "way/1496345840", "building": "yes", "height": "15"}, "geometry": {"type": "Polygon", "coordinates": [[[126.9622547, 37.5257618], [126.9622223, 37.525724], [126.96223, 37.5256867], [126.9623124, 37.5256329], [126.9623656, 37.5256971], [126.9622547, 37.5257618]]]}}, {"type": "Feature", "properties": {"@id": "way/1496345841", "building": "yes", "height": "5"}, "geometry": {"type": "Polygon", "coordinates": [[[126.9623725, 37.5256928], [126.9623309, 37.5256421], [126.9623995, 37.5256073], [126.9624418, 37.5256562], [126.9623725, 37.5256928]]]}}, {"type": "Feature", "properties": {"@id": "way/1496345842", "building": "yes", "height": "6.5"}, "geometry": {"type": "Polygon", "coordinates": [[[126.9624418, 37.5256562], [126.9624904, 37.5256305], [126.9624149, 37.5255425], [126.9623725, 37.5255712], [126.9624418, 37.5256562]]]}}, {"type": "Feature", "properties": {"@id": "way/1496345843", "building": "yes", "height": "5.4"}, "geometry": {"type": "Polygon", "coordinates": [[[126.9624896, 37.5256366], [126.9625443, 37.5256959], [126.9625035, 37.5257215], [126.9624426, 37.525661], [126.9624896, 37.5256366]]]}}, {"type": "Feature", "properties": {"@id": "way/1496345844", "building": "yes", "height": "3.5"}, "geometry": {"type": "Polygon", "coordinates": [[[126.9624888, 37.5257234], [126.9624634, 37.525691], [126.9624426, 37.525694], [126.9624249, 37.5256714], [126.9623687, 37.5257001], [126.9624187, 37.5257606], [126.9624888, 37.5257234]]]}}, {"type": "Feature", "properties": {"@id": "way/1496345845", "building": "yes", "height": "7"}, "geometry": {"type": "Polygon", "coordinates": [[[126.9623641, 37.5257087], [126.9624118, 37.5257594], [126.962314, 37.5258199], [126.9622655, 37.5257673], [126.9623641, 37.5257087]]]}}, {"type": "Feature", "properties": {"@id": "way/1496345846", "building": "yes", "height": "7.5"}, "geometry": {"type": "Polygon", "coordinates": [[[126.9624619, 37.5257521], [126.9624881, 37.5257765], [126.9623356, 37.5258669], [126.962304, 37.5258351], [126.9624619, 37.5257521]]]}}, {"type": "Feature", "properties": {"@id": "way/1496345847", "building": "yes", "height": "9"}, "geometry": {"type": "Polygon", "coordinates": [[[126.9625512, 37.5257087], [126.9624796, 37.5257398], [126.9625389, 37.525807], [126.962609, 37.5257704], [126.9625512, 37.5257087]]]}}, {"type": "Feature", "properties": {"@id": "way/1496345848", "building": "yes", "height": "8"}, "geometry": {"type": "Polygon", "coordinates": [[[126.962495, 37.5257887], [126.9625281, 37.5258193], [126.9623887, 37.5259005], [126.9623571, 37.5258694], [126.962495, 37.5257887]]]}}, {"type": "Feature", "properties": {"@id": "way/1496345849", "building": "yes", "height": "9"}, "geometry": {"type": "Polygon", "coordinates": [[[126.9626159, 37.5257832], [126.9626544, 37.5258211], [126.9625566, 37.5258785], [126.9625189, 37.5258388], [126.9626159, 37.5257832]]]}}, {"type": "Feature", "properties": {"@id": "way/1496345850", "building": "yes", "height": "12"}, "geometry": {"type": "Polygon", "coordinates": [[[126.962515, 37.5258541], [126.9625813, 37.5259225], [126.9624842, 37.5259805], [126.9624064, 37.5259121], [126.962515, 37.5258541]]]}}, {"type": "Feature", "properties": {"@id": "way/1496345851", "building": "yes", "height": "4.5"}, "geometry": {"type": "Polygon", "coordinates": [[[126.9626575, 37.5258358], [126.9627153, 37.5258962], [126.9626121, 37.5259567], [126.9625566, 37.5258852], [126.9626575, 37.5258358]]]}}, {"type": "Feature", "properties": {"@id": "way/1496345852", "building": "yes", "height": "3.3"}, "geometry": {"type": "Polygon", "coordinates": [[[126.9626529, 37.5259317], [126.962676, 37.5259573], [126.9627307, 37.5259243], [126.962763, 37.5259585], [126.9626621, 37.5260129], [126.9626051, 37.525961], [126.9626121, 37.5259567], [126.9626529, 37.5259317]]]}}, {"type": "Feature", "properties": {"@id": "way/1496345853", "building": "yes", "height": "9"}, "geometry": {"type": "Polygon", "coordinates": [[[126.9627792, 37.5259616], [126.9628154, 37.5260031], [126.9627261, 37.5260575], [126.9626822, 37.5260141], [126.9627792, 37.5259616]]]}}, {"type": "Feature", "properties": {"@id": "way/1496345854", "building": "yes", "height": "8"}, "geometry": {"type": "Polygon", "coordinates": [[[126.9626714, 37.5260233], [126.9627215, 37.5260691], [126.9626013, 37.5261339], [126.9625497, 37.5260874], [126.9626714, 37.5260233]]]}}, {"type": "Feature", "properties": {"@id": "way/1496345855", "building": "yes", "height": "7"}, "geometry": {"type": "Polygon", "coordinates": [[[126.9625458, 37.5260795], [126.9625035, 37.5260276], [126.9626113, 37.5259738], [126.9626637, 37.5260202], [126.9625458, 37.5260795]]]}}, {"type": "Feature", "properties": {"@id": "way/1496345856", "building": "yes", "height": "8"}, "geometry": {"type": "Polygon", "coordinates": [[[126.9628208, 37.526016], [126.9628586, 37.5260544], [126.9627569, 37.5261186], [126.9627215, 37.5260691], [126.9628208, 37.526016]]]}}, {"type": "Feature", "properties": {"@id": "way/1496345857", "building": "yes", "height": "8"}, "geometry": {"type": "Polygon", "coordinates": [[[126.9627138, 37.5260801], [126.9627607, 37.5261265], [126.9626506, 37.5261858], [126.9626075, 37.5261381], [126.9627138, 37.5260801]]]}}, {"type": "Feature", "properties": {"@id": "way/1496345858", "building": "yes", "height": "4.5"}, "geometry": {"type": "Polygon", "coordinates": [[[126.9628077, 37.526173], [126.9627607, 37.5261265], [126.9628224, 37.526085], [126.962874, 37.5261345], [126.9628077, 37.526173]]]}}, {"type": "Feature", "properties": {"@id": "way/1496345859", "building": "yes", "height": "3"}, "geometry": {"type": "Polygon", "coordinates": [[[126.9627584, 37.5261351], [126.9628062, 37.5261785], [126.9626752, 37.5262487], [126.9626313, 37.5261986], [126.9627584, 37.5261351]]]}}, {"type": "Feature", "properties": {"@id": "way/1496345860", "building": "yes", "height": "3.8"}, "geometry": {"type": "Polygon", "coordinates": [[[126.9629186, 37.526118], [126.9629602, 37.5261571], [126.9628439, 37.5262169], [126.9628123, 37.5261778], [126.9629186, 37.526118]]]}}, {"type": "Feature", "properties": {"@id": "way/1496345861", "building": "yes", "height": "4"}, "geometry": {"type": "Polygon", "coordinates": [[[126.9628054, 37.526184], [126.9628455, 37.5262231], [126.9628088, 37.5262427], [126.9627091, 37.5262964], [126.9626645, 37.5262609], [126.9628054, 37.526184]]]}}, {"type": "Feature", "properties": {"@id": "way/1496345862", "building": "yes", "height": "4"}, "geometry": {"type": "Polygon", "coordinates": [[[126.9629741, 37.5261711], [126.9630095, 37.5262078], [126.9628886, 37.5262676], [126.9628501, 37.5262218], [126.9629387, 37.5261736], [126.9629525, 37.5261821], [126.9629741, 37.5261711]]]}}, {"type": "Feature", "properties": {"@id": "way/1496345863", "building": "yes", "height": "4"}, "geometry": {"type": "Polygon", "coordinates": [[[126.9628485, 37.5262371], [126.9628925, 37.5262829], [126.96288, 37.52629], [126.9627638, 37.5263562], [126.9627053, 37.5263006], [126.9628088, 37.5262427], [126.96282, 37.5262542], [126.9628485, 37.5262371]]]}}, {"type": "Feature", "properties": {"@id": "way/1496345864", "building": "yes", "height": "3.8"}, "geometry": {"type": "Polygon", "coordinates": [[[126.96288, 37.52629], [126.9629556, 37.5263666], [126.9628285, 37.5264283], [126.9627623, 37.5263611], [126.96288, 37.52629]]]}}, {"type": "Feature", "properties": {"@id": "way/1496345865", "building": "yes", "height": "4.5"}, "geometry": {"type": "Polygon", "coordinates": [[[126.9629625, 37.5263599], [126.9630719, 37.526297], [126.963008, 37.5262133], [126.9628901, 37.5262719], [126.9629625, 37.5263599]]]}}, {"type": "Feature", "properties": {"@id": "way/1496347453", "building": "yes", "height": "19"}, "geometry": {"type": "Polygon", "coordinates": [[[126.963246, 37.5260284], [126.9633538, 37.5261414], [126.9632514, 37.5262044], [126.9632467, 37.5261964], [126.9632028, 37.5262215], [126.9631551, 37.5261781], [126.9631974, 37.5261567], [126.9631874, 37.5261469], [126.9631967, 37.5261408], [126.9631374, 37.5260907], [126.963246, 37.5260284]]]}}, {"type": "Feature", "properties": {"@id": "way/1496347454", "building": "yes", "height": "14"}, "geometry": {"type": "Polygon", "coordinates": [[[126.9626852, 37.5254157], [126.9627399, 37.5254799], [126.9626652, 37.5255189], [126.9626097, 37.5254566], [126.9626852, 37.5254157]]]}}, {"type": "Feature", "properties": {"@id": "way/1496347455", "building": "yes", "height": "16"}, "geometry": {"type": "Polygon", "coordinates": [[[126.9626075, 37.5254716], [126.9626655, 37.5255272], [126.9625567, 37.5255868], [126.9625018, 37.5255208], [126.9626075, 37.5254716]]]}}, {"type": "Feature", "properties": {"@id": "way/1496347456", "building": "yes", "height": "7"}, "geometry": {"type": "Polygon", "coordinates": [[[126.9627549, 37.5255135], [126.9628077, 37.5255764], [126.9627102, 37.5256368], [126.9626512, 37.5255723], [126.9627549, 37.5255135]]]}}, {"type": "Feature", "properties": {"@id": "way/1496347457", "building": "yes", "height": "8"}, "geometry": {"type": "Polygon", "coordinates": [[[126.9626522, 37.5255852], [126.962699, 37.52564], [126.9626177, 37.5256908], [126.9625628, 37.5256312], [126.9626522, 37.5255852]]]}}, {"type": "Feature", "properties": {"@id": "way/1496347458", "building": "yes", "height": "3.3"}, "geometry": {"type": "Polygon", "coordinates": [[[126.9628169, 37.5255788], [126.9628586, 37.5256215], [126.9626515, 37.5257437], [126.9626441, 37.5257481], [126.9626004, 37.525707], [126.9628169, 37.5255788]]]}}, {"type": "Feature", "properties": {"@id": "way/1496347459", "building": "yes", "height": "4"}, "geometry": {"type": "Polygon", "coordinates": [[[126.9628555, 37.5256328], [126.9628891, 37.5256675], [126.9626837, 37.5257779], [126.9626515, 37.5257437], [126.9628555, 37.5256328]]]}}, {"type": "Feature", "properties": {"@id": "way/1496347460", "building": "yes", "height": "4.2"}, "geometry": {"type": "Polygon", "coordinates": [[[126.9628873, 37.5256735], [126.9629127, 37.525698], [126.9627155, 37.5258098], [126.9626847, 37.5257817], [126.9628873, 37.5256735]]]}}, {"type": "Feature", "properties": {"@id": "way/1496347461", "building": "yes", "height": "4.5"}, "geometry": {"type": "Polygon", "coordinates": [[[126.962932, 37.5257328], [126.9629651, 37.5257664], [126.9627779, 37.5258837], [126.9627132, 37.5258171], [126.9628688, 37.5257316], [126.9628919, 37.5257481], [126.962932, 37.5257328]]]}}, {"type": "Feature", "properties": {"@id": "way/1496347462", "building": "yes", "height": "6"}, "geometry": {"type": "Polygon", "coordinates": [[[126.9629659, 37.5257737], [126.963019, 37.5258208], [126.9628257, 37.5259356], [126.9627795, 37.5258892], [126.9629659, 37.5257737]]]}}, {"type": "Feature", "properties": {"@id": "way/1496347463", "building": "yes", "height": "7.5"}, "geometry": {"type": "Polygon", "coordinates": [[[126.9630229, 37.5258256], [126.9630514, 37.5258586], [126.9628688, 37.5259747], [126.9628311, 37.525938], [126.9630229, 37.5258256]]]}}, {"type": "Feature", "properties": {"@id": "way/1496347464", "building": "yes", "height": "3.5"}, "geometry": {"type": "Polygon", "coordinates": [[[126.9630722, 37.525846], [126.9631085, 37.5258867], [126.9630827, 37.5259024], [126.9628962, 37.5260158], [126.9628617, 37.5259828], [126.9630722, 37.525846]]]}}, {"type": "Feature", "properties": {"@id": "way/1496347465", "building": "yes", "height": "3"}, "geometry": {"type": "Polygon", "coordinates": [[[126.9630827, 37.5259024], [126.9631908, 37.5260123], [126.96299, 37.5261281], [126.9628909, 37.5260228], [126.9630827, 37.5259024]]]}}, {"type": "Feature", "properties": {"@id": "way/1496347466", "building": "yes", "height": "20"}, "geometry": {"type": "Polygon", "coordinates": [[[126.9636083, 37.5257952], [126.9637224, 37.5259194], [126.9634729, 37.5260646], [126.9633579, 37.525939], [126.9636083, 37.5257952]]]}}, {"type": "Feature", "properties": {"@id": "way/1496347467", "building": "yes", "height": "11"}, "geometry": {"type": "Polygon", "coordinates": [[[126.9632816, 37.5254611], [126.9633559, 37.5255446], [126.9632402, 37.5256088], [126.9631542, 37.5255313], [126.9632816, 37.5254611]]]}}, {"type": "Feature", "properties": {"@id": "way/1496347468", "building": "yes", "height": "14"}, "geometry": {"type": "Polygon", "coordinates": [[[126.9632055, 37.5253713], [126.9632657, 37.5254344], [126.9631418, 37.5255081], [126.9630507, 37.5254316], [126.9630976, 37.5254021], [126.9631259, 37.5254007], [126.9632055, 37.5253713]]]}}, {"type": "Feature", "properties": {"@id": "way/1496347469", "building": "yes", "height": "10"}, "geometry": {"type": "Polygon", "coordinates": [[[126.9630586, 37.5254779], [126.9631099, 37.5255411], [126.9629914, 37.5256028], [126.9629339, 37.5255376], [126.9630586, 37.5254779]]]}}, {"type": "Feature", "properties": {"@id": "way/1496347470", "building": "yes", "height": "6"}, "geometry": {"type": "Polygon", "coordinates": [[[126.962994, 37.5254106], [126.9630436, 37.5254632], [126.9629241, 37.5255299], [126.9628693, 37.5254744], [126.962994, 37.5254106]]]}}, {"type": "Feature", "properties": {"@id": "way/1496347471", "building": "yes", "height": "5"}, "geometry": {"type": "Polygon", "coordinates": [[[126.9630303, 37.5252211], [126.9631091, 37.5252962], [126.9629843, 37.525372], [126.962902, 37.5252814], [126.9630038, 37.5252204], [126.9630303, 37.5252211]]]}}, {"type": "Feature", "properties": {"@id": "way/1496347472", "building": "yes", "height": "3"}, "geometry": {"type": "Polygon", "coordinates": [[[126.9629471, 37.5253516], [126.9629763, 37.525379], [126.9628507, 37.5254428], [126.9628277, 37.5254162], [126.9629471, 37.5253516]]]}}, {"type": "Feature", "properties": {"@id": "way/1496347473", "building": "yes", "height": "13"}, "geometry": {"type": "Polygon", "coordinates": [[[126.9629427, 37.5253439], [126.9628923, 37.5252892], [126.9627764, 37.5253572], [126.9628224, 37.5254106], [126.9629427, 37.5253439]]]}}, {"type": "Feature", "properties": {"@id": "way/1496347474", "building": "yes", "height": "6.8"}, "geometry": {"type": "Polygon", "coordinates": [[[126.9631956, 37.5251138], [126.963257, 37.5251743], [126.9631909, 37.5252133], [126.9631255, 37.5251501], [126.9631956, 37.5251138]]]}}, {"type": "Feature", "properties": {"@id": "way/1496347475", "building": "yes", "height": "7"}, "geometry": {"type": "Polygon", "coordinates": [[[126.9633154, 37.5250461], [126.963399, 37.5251328], [126.963315, 37.5251804], [126.9633029, 37.5251678], [126.9632714, 37.5251819], [126.9631975, 37.5251099], [126.9633154, 37.5250461]]]}}, {"type": "Feature", "properties": {"@id": "way/1496347476", "building": "yes", "height": "6"}, "geometry": {"type": "Polygon", "coordinates": [[[126.9633923, 37.5249974], [126.9634377, 37.5250475], [126.9633776, 37.5250799], [126.9633245, 37.5250304], [126.9633923, 37.5249974]]]}}, {"type": "Feature", "properties": {"@id": "way/1496347477", "building": "yes", "height": "3"}, "geometry": {"type": "Polygon", "coordinates": [[[126.9634639, 37.5250353], [126.9634377, 37.5250475], [126.9636195, 37.5252351], [126.963725, 37.5251795], [126.9637088, 37.5251575], [126.9636249, 37.5252002], [126.9634639, 37.5250353]]]}}, {"type": "Feature", "properties": {"@id": "way/1496347478", "building": "yes", "height": "3"}, "geometry": {"type": "Polygon", "coordinates": [[[126.9634365, 37.5250541], [126.9633695, 37.5250908], [126.9634144, 37.5251424], [126.9634821, 37.5251067], [126.9634365, 37.5250541]]]}}, {"type": "Feature", "properties": {"@id": "way/1496347479", "building": "yes", "height": "3"}, "geometry": {"type": "Polygon", "coordinates": [[[126.9634848, 37.5251099], [126.9635552, 37.5251785], [126.9635103, 37.5252019], [126.9634419, 37.5251344], [126.9634848, 37.5251099]]]}}, {"type": "Feature", "properties": {"@id": "way/1496347480", "building": "yes", "height": "5"}, "geometry": {"type": "Polygon", "coordinates": [[[126.9635096, 37.5252067], [126.9634499, 37.5252338], [126.9633815, 37.5251716], [126.9634379, 37.5251354], [126.9635096, 37.5252067]]]}}, {"type": "Feature", "properties": {"@id": "way/1496347481", "building": "yes", "height": "2.8"}, "geometry": {"type": "Polygon", "coordinates": [[[126.9633292, 37.525178], [126.9634043, 37.5252429], [126.9634365, 37.5252275], [126.9633815, 37.5251716], [126.9633594, 37.5251822], [126.9633433, 37.52517], [126.9633292, 37.525178]]]}}, {"type": "Feature", "properties": {"@id": "way/1496347482", "building": "yes", "height": "10"}, "geometry": {"type": "Polygon", "coordinates": [[[126.9631971, 37.5252168], [126.9632595, 37.5251775], [126.9632729, 37.5251881], [126.9633018, 37.5251748], [126.9633125, 37.5251849], [126.9633239, 37.5251796], [126.9633876, 37.5252365], [126.9632756, 37.5253003], [126.9631971, 37.5252168]]]}}, {"type": "Feature", "properties": {"@id": "way/1496347483", "building": "yes", "height": "18"}, "geometry": {"type": "Polygon", "coordinates": [[[126.9635913, 37.5252143], [126.9637877, 37.5254149], [126.9637098, 37.5254592], [126.9636744, 37.5254234], [126.9635515, 37.5254935], [126.963455, 37.5254058], [126.9635966, 37.5253265], [126.9635231, 37.5252557], [126.9635913, 37.5252143]]]}}, {"type": "Feature", "properties": {"@id": "way/1496347484", "building": "yes", "height": "14.5"}, "geometry": {"type": "Polygon", "coordinates": [[[126.9637505, 37.5251855], [126.9638974, 37.5253392], [126.9638063, 37.5253953], [126.9636479, 37.5252374], [126.9637505, 37.5251855]]]}}, {"type": "Feature", "properties": {"@id": "way/1496347485", "building": "yes", "height": "9"}, "geometry": {"type": "Polygon", "coordinates": [[[126.9633931, 37.5252416], [126.963455, 37.5252957], [126.9633294, 37.5253658], [126.9632772, 37.5253055], [126.9633931, 37.5252416]]]}}, {"type": "Feature", "properties": {"@id": "way/1496347486", "building": "yes", "height": "6"}, "geometry": {"type": "Polygon", "coordinates": [[[126.963386, 37.5254269], [126.9633338, 37.5253707], [126.963455, 37.5252957], [126.9634099, 37.5252486], [126.9634391, 37.5252318], [126.9634515, 37.5252388], [126.963486, 37.5252234], [126.9635134, 37.5252521], [126.9634922, 37.5252641], [126.963563, 37.5253335], [126.963386, 37.5254269]]]}}, {"type": "Feature", "properties": {"@id": "way/1496347487", "building": "yes", "height": "20"}, "geometry": {"type": "Polygon", "coordinates": [[[126.9639934, 37.5253249], [126.9642577, 37.5256151], [126.9641367, 37.5256852], [126.9639934, 37.5255345], [126.963968, 37.525545], [126.9638267, 37.5254216], [126.9639934, 37.5253249]]]}}, {"type": "Feature", "properties": {"@id": "way/1496347488", "building": "yes", "height": "10"}, "geometry": {"type": "Polygon", "coordinates": [[[126.9640889, 37.5257013], [126.9640341, 37.5256409], [126.9637647, 37.5257973], [126.9638166, 37.5258561], [126.9640889, 37.5257013]]]}}, {"type": "Feature", "properties": {"@id": "way/1496347489", "building": "yes", "height": "5"}, "geometry": {"type": "Polygon", "coordinates": [[[126.963909, 37.5256989], [126.9638206, 37.5256054], [126.9637281, 37.525661], [126.9638277, 37.5257505], [126.963909, 37.5256989]]]}}, {"type": "Feature", "properties": {"@id": "way/1496347545", "building": "yes", "height": "16.41"}, "geometry": {"type": "Polygon", "coordinates": [[[126.9630512, 37.5265293], [126.962976, 37.5264528], [126.9630937, 37.526389], [126.9631645, 37.5264647], [126.9630512, 37.5265293]]]}}, {"type": "Feature", "properties": {"@id": "way/1496347546", "building": "yes", "height": "14.53"}, "geometry": {"type": "Polygon", "coordinates": [[[126.963176, 37.5264563], [126.9632105, 37.5264374], [126.9631344, 37.5263581], [126.9631008, 37.5263784], [126.9631008, 37.5263784], [126.9631087, 37.5263826], [126.9631087, 37.5263826], [126.9631185, 37.5263939], [126.963176, 37.5264563]]]}}, {"type": "Feature", "properties": {"@id": "way/1496347547", "building": "yes", "height": "18.03"}, "geometry": {"type": "Polygon", "coordinates": [[[126.963148, 37.5266915], [126.9632554, 37.5266341], [126.9631503, 37.5265202], [126.9630464, 37.5265823], [126.963148, 37.5266915]]]}}, {"type": "Feature", "properties": {"@id": "way/1496347548", "building": "yes", "height": "11"}, "geometry": {"type": "Polygon", "coordinates": [[[126.9632454, 37.5266057], [126.9633285, 37.5265573], [126.9632542, 37.5264801], [126.9631737, 37.5265271], [126.9632454, 37.5266057]]]}}, {"type": "Feature", "properties": {"@id": "way/1496347549", "building": "yes", "building:levels": "5"}, "geometry": {"type": "Polygon", "coordinates": [[[126.9632675, 37.5266302], [126.9633489, 37.5265804], [126.9633338, 37.5265636], [126.9632489, 37.5266113], [126.9632675, 37.5266302]]]}}, {"type": "Feature", "properties": {"@id": "way/1496347550", "building": "yes", "building:levels": "4"}, "geometry": {"type": "Polygon", "coordinates": [[[126.9633144, 37.5266878], [126.9633922, 37.5266443], [126.9633436, 37.5266001], [126.9632719, 37.5266401], [126.9633144, 37.5266878]]]}}, {"type": "Feature", "properties": {"@id": "way/1496347551", "building": "yes", "height": "4"}, "geometry": {"type": "Polygon", "coordinates": [[[126.963371, 37.5267537], [126.9634524, 37.526706], [126.9634002, 37.5266478], [126.9633179, 37.526692], [126.963371, 37.5267537]]]}}, {"type": "Feature", "properties": {"@id": "way/1496347552", "building": "yes", "height": "4"}, "geometry": {"type": "Polygon", "coordinates": [[[126.963202, 37.5267608], [126.9633099, 37.5266962], [126.9632639, 37.5266443], [126.9631542, 37.5267032], [126.963202, 37.5267608]]]}}, {"type": "Feature", "properties": {"@id": "way/1496347553", "building": "yes", "height": "4"}, "geometry": {"type": "Polygon", "coordinates": [[[126.9632577, 37.5268218], [126.9633639, 37.5267594], [126.9633161, 37.5267004], [126.9632064, 37.5267636], [126.9632577, 37.5268218]]]}}, {"type": "Feature", "properties": {"@id": "way/1496347554", "building": "yes", "height": "12"}, "geometry": {"type": "Polygon", "coordinates": [[[126.963484, 37.526682], [126.9636825, 37.5265515], [126.9636253, 37.5264894], [126.963421, 37.5266089], [126.963484, 37.526682]]]}}, {"type": "Feature", "properties": {"@id": "way/1496347555", "building": "yes", "height": "4"}, "geometry": {"type": "Polygon", "coordinates": [[[126.9635377, 37.5265218], [126.9636043, 37.5264839], [126.9635552, 37.5264283], [126.9634899, 37.5264672], [126.9635377, 37.5265218]]]}}, {"type": "Feature", "properties": {"@id": "way/1496347556", "building": "yes", "height": "5"}, "geometry": {"type": "Polygon", "coordinates": [[[126.9634688, 37.5265644], [126.9635307, 37.5265293], [126.963484, 37.5264718], [126.963421, 37.526507], [126.9634688, 37.5265644]]]}}, {"type": "Feature", "properties": {"@id": "way/1496347557", "building": "yes", "height": "3"}, "geometry": {"type": "Polygon", "coordinates": [[[126.9634059, 37.5265926], [126.9633554, 37.5265407], [126.9634147, 37.5265112], [126.9634289, 37.5265281], [126.9633953, 37.526547], [126.9634298, 37.5265786], [126.9634059, 37.5265926]]]}}, {"type": "Feature", "properties": {"@id": "way/1496347558", "building": "yes", "building:levels": "5.71"}, "geometry": {"type": "Polygon", "coordinates": [[[126.963351, 37.526533], [126.9635466, 37.5264228], [126.9635014, 37.5263639], [126.9633015, 37.526481], [126.963351, 37.526533]]]}}, {"type": "Feature", "properties": {"@id": "way/1496347559", "building": "yes", "height": "4.4"}, "geometry": {"type": "Polygon", "coordinates": [[[126.9632926, 37.5264782], [126.9633944, 37.5264193], [126.9633448, 37.5263632], [126.9632378, 37.5264179], [126.9632926, 37.5264782]]]}}, {"type": "Feature", "properties": {"@id": "way/1496347560", "building": "yes", "building:levels": "3.5"}, "geometry": {"type": "Polygon", "coordinates": [[[126.9633997, 37.5264158], [126.9634952, 37.5263596], [126.9634483, 37.5263007], [126.963351, 37.5263589], [126.9633997, 37.5264158]]]}}, {"type": "Feature", "properties": {"@id": "way/1496347561", "building": "yes", "building:levels": "5.2"}, "geometry": {"type": "Polygon", "coordinates": [[[126.9633767, 37.5263351], [126.9634439, 37.5262944], [126.9633731, 37.5262151], [126.9633041, 37.5262579], [126.9633767, 37.5263351]]]}}, {"type": "Feature", "properties": {"@id": "way/1496347562", "building": "yes", "height": "4"}, "geometry": {"type": "Polygon", "coordinates": [[[126.9632351, 37.5264095], [126.9633696, 37.5263393], [126.9632988, 37.526267], [126.9631723, 37.5263365], [126.9632351, 37.5264095]]]}}, {"type": "Feature", "properties": {"@id": "way/1496347563", "building": "yes", "height": "2.94"}, "geometry": {"type": "Polygon", "coordinates": [[[126.9636935, 37.5266894], [126.9637628, 37.5266448], [126.9637112, 37.5265886], [126.9636403, 37.526629], [126.9636935, 37.5266894]]]}}, {"type": "Feature", "properties": {"@id": "way/1496347564", "building": "yes", "height": "5.93"}, "geometry": {"type": "Polygon", "coordinates": [[[126.9637089, 37.526847], [126.9637431, 37.5268262], [126.9637982, 37.5267927], [126.9637353, 37.5267327], [126.9636688, 37.5266693], [126.9635879, 37.5267163], [126.9637089, 37.526847]]]}}, {"type": "Feature", "properties": {"@id": "way/1496347565", "building": "yes", "height": "2.93"}, "geometry": {"type": "Polygon", "coordinates": [[[126.9637353, 37.5267327], [126.9637636, 37.5267147], [126.9638013, 37.5266906], [126.9638102, 37.5266849], [126.9637672, 37.5266429], [126.9636935, 37.5266894], [126.9637353, 37.5267327]]]}}, {"type": "Feature", "properties": {"@id": "way/1496347566", "building": "yes", "height": "3.8"}, "geometry": {"type": "Polygon", "coordinates": [[[126.9634898, 37.5267384], [126.9635742, 37.526819], [126.9636392, 37.5267803], [126.963562, 37.5266957], [126.9634898, 37.5267384]]]}}, {"type": "Feature", "properties": {"@id": "way/1496347567", "building": "yes", "height": "7.18"}, "geometry": {"type": "Polygon", "coordinates": [[[126.9634738, 37.5268734], [126.9635582, 37.5268194], [126.963485, 37.5267444], [126.9633996, 37.5267928], [126.9634738, 37.5268734]]]}}, {"type": "Feature", "properties": {"@id": "way/1496347568", "building": "yes", "height": "3.13"}, "geometry": {"type": "Polygon", "coordinates": [[[126.9633722, 37.5269274], [126.9634657, 37.5268774], [126.9633895, 37.5267896], [126.9633407, 37.5268153], [126.9633925, 37.5268685], [126.9633407, 37.5268984], [126.9633722, 37.5269274]]]}}, {"type": "Feature", "properties": {"@id": "way/1496347569", "building": "yes", "height": "4"}, "geometry": {"type": "Polygon", "coordinates": [[[126.9634464, 37.5270185], [126.963546, 37.5269653], [126.9634677, 37.5268847], [126.9633742, 37.5269354], [126.9634464, 37.5270185]]]}}, {"type": "Feature", "properties": {"@id": "way/1496347570", "building": "yes", "height": "4"}, "geometry": {"type": "Polygon", "coordinates": [[[126.9635511, 37.5269612], [126.9636497, 37.5269064], [126.9635724, 37.5268258], [126.9634738, 37.5268814], [126.9635511, 37.5269612]]]}}, {"type": "Feature", "properties": {"@id": "way/1496347571", "building": "yes", "height": "3.4"}, "geometry": {"type": "Polygon", "coordinates": [[[126.9638036, 37.5267883], [126.9638664, 37.5267497], [126.9638013, 37.5266906], [126.9637636, 37.5267147], [126.9638089, 37.5267624], [126.9637867, 37.5267736], [126.9638036, 37.5267883]]]}}, {"type": "Feature", "properties": {"@id": "way/1496347572", "building": "yes", "height": "3.88"}, "geometry": {"type": "Polygon", "coordinates": [[[126.963785, 37.5268732], [126.9639018, 37.5268073], [126.9638611, 37.5267603], [126.9637431, 37.5268262], [126.963785, 37.5268732]]]}}, {"type": "Feature", "properties": {"@id": "way/1496347573", "building": "yes", "height": "3.88"}, "geometry": {"type": "Polygon", "coordinates": [[[126.9638336, 37.5269252], [126.9639584, 37.5268543], [126.9639124, 37.5268143], [126.9637885, 37.5268816], [126.9638336, 37.5269252]]]}}, {"type": "Feature", "properties": {"@id": "way/1496347574", "building": "yes", "height": "3.88"}, "geometry": {"type": "Polygon", "coordinates": [[[126.9637222, 37.5269848], [126.9638336, 37.5269252], [126.9637885, 37.5268816], [126.963677, 37.5269413], [126.9637222, 37.5269848]]]}}, {"type": "Feature", "properties": {"@id": "way/1496347575", "building": "yes", "height": "2.69"}, "geometry": {"type": "Polygon", "coordinates": [[[126.9636605, 37.5270468], [126.9637375, 37.5270034], [126.9636574, 37.526924], [126.9635827, 37.5269705], [126.9636605, 37.5270468]]]}}, {"type": "Feature", "properties": {"@id": "way/1496347576", "building": "yes", "height": "3.27"}, "geometry": {"type": "Polygon", "coordinates": [[[126.9635126, 37.5270767], [126.9636043, 37.5270309], [126.9635619, 37.5269833], [126.9634695, 37.5270321], [126.9635126, 37.5270767]]]}}, {"type": "Feature", "properties": {"@id": "way/1496347577", "building": "yes", "height": "12.5"}, "geometry": {"type": "Polygon", "coordinates": [[[126.9636258, 37.5271818], [126.9637129, 37.5271299], [126.9636212, 37.5270309], [126.9635288, 37.5270774], [126.9636258, 37.5271818]]]}}, {"type": "Feature", "properties": {"@id": "way/1496347578", "building": "yes", "height": "19.5"}, "geometry": {"type": "Polygon", "coordinates": [[[126.9637568, 37.5271213], [126.9639786, 37.5269955], [126.9639054, 37.5269118], [126.9637784, 37.5269851], [126.9637891, 37.5269979], [126.9636921, 37.5270511], [126.9637568, 37.5271213]]]}}, {"type": "Feature", "properties": {"@id": "way/1496347579", "building": "yes", "height": "10.67"}, "geometry": {"type": "Polygon", "coordinates": [[[126.9639771, 37.5269851], [126.9640541, 37.5269405], [126.9639917, 37.5268672], [126.9639162, 37.526913], [126.9639771, 37.5269851]]]}}, {"type": "Feature", "properties": {"@id": "way/1496347580", "building": "yes", "height": "4.02"}, "geometry": {"type": "Polygon", "coordinates": [[[126.9636641, 37.5261926], [126.963761, 37.5261352], [126.9636775, 37.526045], [126.9635748, 37.5261033], [126.9636641, 37.5261926]]]}}, {"type": "Feature", "properties": {"@id": "way/1496347581", "building": "yes", "height": "6.48"}, "geometry": {"type": "Polygon", "coordinates": [[[126.9635403, 37.5262528], [126.9636536, 37.5261899], [126.9635707, 37.5261056], [126.9634604, 37.5261676], [126.9635403, 37.5262528]]]}}, {"type": "Feature", "properties": {"@id": "way/1496347582", "building": "yes", "height": "9.05"}, "geometry": {"type": "Polygon", "coordinates": [[[126.9636115, 37.5263172], [126.9637855, 37.5262255], [126.9637312, 37.5261635], [126.9635584, 37.526257], [126.9636115, 37.5263172]]]}}, {"type": "Feature", "properties": {"@id": "way/1496347583", "building": "yes", "height": "2.33"}, "geometry": {"type": "Polygon", "coordinates": [[[126.9637896, 37.5262218], [126.9638217, 37.5262047], [126.9637639, 37.5261454], [126.9637312, 37.5261635], [126.9637896, 37.5262218]]]}}, {"type": "Feature", "properties": {"@id": "way/1496347584", "building": "yes", "height": "2.79"}, "geometry": {"type": "Polygon", "coordinates": [[[126.9638579, 37.5263093], [126.9638988, 37.5262876], [126.963831, 37.5262144], [126.9637878, 37.5262371], [126.9638579, 37.5263093]]]}}, {"type": "Feature", "properties": {"@id": "way/1496347585", "building": "yes", "height": "6.02"}, "geometry": {"type": "Polygon", "coordinates": [[[126.9637849, 37.5263889], [126.9638678, 37.5263445], [126.9637803, 37.5262422], [126.9636904, 37.5262917], [126.9637849, 37.5263889]]]}}, {"type": "Feature", "properties": {"@id": "way/1496347586", "building": "yes", "height": "3.96"}, "geometry": {"type": "Polygon", "coordinates": [[[126.9636162, 37.5263311], [126.9636857, 37.5262936], [126.963768, 37.5263792], [126.9636898, 37.52642], [126.9636162, 37.5263311]]]}}, {"type": "Feature", "properties": {"@id": "way/1496347587", "building": "yes", "height": "13.44"}, "geometry": {"type": "Polygon", "coordinates": [[[126.9637966, 37.5264857], [126.9639396, 37.5264047], [126.9639098, 37.5263686], [126.963953, 37.5263394], [126.9639414, 37.5263246], [126.9638124, 37.5263963], [126.9638205, 37.5264098], [126.963761, 37.526445], [126.9637966, 37.5264857]]]}}, {"type": "Feature", "properties": {"@id": "way/1496347588", "building": "yes", "height": "15.71"}, "geometry": {"type": "Polygon", "coordinates": [[[126.963762, 37.5260115], [126.9639267, 37.5259132], [126.9640059, 37.5260107], [126.9638565, 37.5260921], [126.9638403, 37.526101], [126.963762, 37.5260115]]]}}, {"type": "Feature", "properties": {"@id": "way/1496347589", "building": "yes", "height": "10.71"}, "geometry": {"type": "Polygon", "coordinates": [[[126.9638565, 37.5260921], [126.9639206, 37.5261542], [126.9640659, 37.5260687], [126.9640059, 37.5260107], [126.9638565, 37.5260921]]]}}, {"type": "Feature", "properties": {"@id": "way/1496347590", "building": "yes", "name": "16.18"}, "geometry": {"type": "Polygon", "coordinates": [[[126.9639439, 37.5262364], [126.9641238, 37.5261348], [126.964073, 37.5260881], [126.9638972, 37.5261832], [126.9639439, 37.5262364]]]}}, {"type": "Feature", "properties": {"@id": "way/1496347591", "building": "yes", "height": "12.11"}, "geometry": {"type": "Polygon", "coordinates": [[[126.9640242, 37.5263323], [126.9641919, 37.5262396], [126.964133, 37.5261775], [126.9639602, 37.5262743], [126.9639998, 37.5263097], [126.9640242, 37.5263323]]]}}, {"type": "Feature", "properties": {"@id": "way/1496347592", "building": "yes", "height": "15.42"}, "geometry": {"type": "Polygon", "coordinates": [[[126.9642804, 37.526188], [126.9643739, 37.5261324], [126.9642824, 37.5260478], [126.9641848, 37.5260945], [126.9642804, 37.526188]]]}}, {"type": "Feature", "properties": {"@id": "way/1496347593", "building": "yes", "height": "15.57"}, "geometry": {"type": "Polygon", "coordinates": [[[126.9643871, 37.5261356], [126.9644867, 37.5260816], [126.9644044, 37.5259946], [126.9643098, 37.5260478], [126.9643871, 37.5261356]]]}}, {"type": "Feature", "properties": {"@id": "way/1496347594", "building": "yes", "height": "4.35"}, "geometry": {"type": "Polygon", "coordinates": [[[126.9641655, 37.5260953], [126.9642692, 37.5260397], [126.9642184, 37.525997], [126.9641238, 37.5260502], [126.9641655, 37.5260953]]]}}, {"type": "Feature", "properties": {"@id": "way/1496347595", "building": "yes", "height": "4.41"}, "geometry": {"type": "Polygon", "coordinates": [[[126.9645079, 37.5260709], [126.9645973, 37.5260197], [126.9645292, 37.5259404], [126.9644542, 37.5259754], [126.9644239, 37.5259895], [126.9645079, 37.5260709]]]}}, {"type": "Feature", "properties": {"@id": "way/1496347596", "building": "yes", "height": "13.08"}, "geometry": {"type": "Polygon", "coordinates": [[[126.9644542, 37.5259754], [126.9645463, 37.5259262], [126.9644759, 37.5258523], [126.9643874, 37.5258991], [126.9644542, 37.5259754]]]}}, {"type": "Feature", "properties": {"@id": "way/1496347597", "building": "yes", "height": "4.48"}, "geometry": {"type": "Polygon", "coordinates": [[[126.9643674, 37.525899], [126.9644506, 37.5258532], [126.9643844, 37.5257835], [126.9643035, 37.5258269], [126.9643674, 37.525899]]]}}, {"type": "Feature", "properties": {"@id": "way/1496347598", "building": "yes", "height": "4.36"}, "geometry": {"type": "Polygon", "coordinates": [[[126.9642843, 37.5258312], [126.964379, 37.5257799], [126.9642966, 37.525698], [126.9642041, 37.5257408], [126.9642843, 37.5258312]]]}}, {"type": "Feature", "properties": {"@id": "way/1496347599", "building": "yes", "height": "2.70"}, "geometry": {"type": "Polygon", "coordinates": [[[126.9642767, 37.5260336], [126.9642251, 37.5259811], [126.9643322, 37.5259237], [126.9643845, 37.5259774], [126.9642767, 37.5260336]]]}}, {"type": "Feature", "properties": {"@id": "way/1496347600", "building": "yes", "height": "5.68"}, "geometry": {"type": "Polygon", "coordinates": [[[126.9641242, 37.5258779], [126.9642336, 37.5258186], [126.9641796, 37.5257563], [126.9640695, 37.525821], [126.9641242, 37.5258779]]]}}, {"type": "Feature", "properties": {"@id": "way/1496347601", "building": "yes", "height": "6.38"}, "geometry": {"type": "Polygon", "coordinates": [[[126.9639809, 37.5259255], [126.9640918, 37.5258583], [126.9640687, 37.525829], [126.9639516, 37.5258937], [126.9639809, 37.5259255]]]}}, {"type": "Feature", "properties": {"@id": "way/1496347602", "building": "yes", "height": "3.13"}, "geometry": {"type": "Polygon", "coordinates": [[[126.9640533, 37.526008], [126.9640601, 37.5260042], [126.9641704, 37.5259438], [126.9640957, 37.5258638], [126.9639809, 37.5259255], [126.9640533, 37.526008]]]}}, {"type": "Feature", "properties": {"@id": "way/1496347603", "building": "yes", "height": "3.22"}, "geometry": {"type": "Polygon", "coordinates": [[[126.9641011, 37.5260495], [126.9642158, 37.5259884], [126.9641773, 37.5259432], [126.9640601, 37.5260042], [126.9641011, 37.5260495]]]}}, {"type": "Feature", "properties": {"@id": "way/1496347604", "building": "yes", "height": "3.9"}, "geometry": {"type": "Polygon", "coordinates": [[[126.9642189, 37.5259768], [126.9643245, 37.5259194], [126.9642397, 37.5258259], [126.9641311, 37.5258803], [126.9642189, 37.5259768]]]}}]}
